**********************
PowerShell transcript start
Start time: 20260915210420
Username: PA-Anthonyb\student
RunAs User: PA-Anthonyb\student
Configuration Name: 
Machine: PA-Anthonyb (Microsoft Windows NT 10.0.26100.0)
Host Application: C:\Program Files\WindowsApps\Microsoft.PowerShell_7.6.6.0_x64__8wekyb3d8bbwe\pwsh.dll -NoProfile -ExecutionPolicy Bypass -Command Import-Module 'c:\Users\student\.vscode\extensions\ms-vscode.powershell-2025.4.0\modules\PowerShellEditorServices\PowerShellEditorServices.psd1'; Start-EditorServices -HostName 'Visual Studio Code Host' -HostProfileId 'Microsoft.VSCode' -HostVersion '2025.4.0' -BundledModulesPath 'c:\Users\student\.vscode\extensions\ms-vscode.powershell-2025.4.0\modules' -EnableConsoleRepl -StartupBanner "PowerShell Extension v2025.4.0
Copyright (c) Microsoft Corporation.

https://aka.ms/vscode-powershell
Type 'help' to get help.
" -LogLevel 'Warning' -LogPath 'c:\Users\student\AppData\Roaming\Code\logs\20260915T202225\window1\exthost\ms-vscode.powershell' -SessionDetailsPath 'c:\Users\student\AppData\Roaming\Code\User\globalStorage\ms-vscode.powershell\sessions\PSES-VSCode-7464-892876.json' -FeatureFlags @() 
Process ID: 1580
PSVersion: 7.6.6
PSEdition: Core
GitCommitId: 7.6.6
OS: Microsoft Windows 10.0.26100
Platform: Win32NT
PSCompatibleVersions: 1.0, 2.0, 3.0, 4.0, 5.0, 5.1, 6.0, 7.0
PSRemotingProtocolVersion: 2.4
SerializationVersion: 1.1.0.1
WSManStackVersion: 3.0
**********************
Transcript started, output file is ./creat-resourcegroup.log
PS>TerminatingError(New-AzResourceGroup): "Cannot validate argument on parameter 'Name'. The argument is null or empty. Provide an argument that is not null or empty, and then try the command again."
Error creating resource group: Cannot validate argument on parameter 'Name'. The argument is null or empty. Provide an argument that is not null or empty, and then try the command again.
@{ResourcegroupName=True; Location=centralus; Status=Created; Tags=System.Collections.Hashtable; Timestamp=9/15/2026 9:04:20 PM}
**********************
PowerShell transcript end
End time: 20260915210424
**********************
**********************
PowerShell transcript start
Start time: 20260915210532
Username: PA-Anthonyb\student
RunAs User: PA-Anthonyb\student
Configuration Name: 
Machine: PA-Anthonyb (Microsoft Windows NT 10.0.26100.0)
Host Application: C:\Program Files\WindowsApps\Microsoft.PowerShell_7.6.6.0_x64__8wekyb3d8bbwe\pwsh.dll -NoProfile -ExecutionPolicy Bypass -Command Import-Module 'c:\Users\student\.vscode\extensions\ms-vscode.powershell-2025.4.0\modules\PowerShellEditorServices\PowerShellEditorServices.psd1'; Start-EditorServices -HostName 'Visual Studio Code Host' -HostProfileId 'Microsoft.VSCode' -HostVersion '2025.4.0' -BundledModulesPath 'c:\Users\student\.vscode\extensions\ms-vscode.powershell-2025.4.0\modules' -EnableConsoleRepl -StartupBanner "PowerShell Extension v2025.4.0
Copyright (c) Microsoft Corporation.

https://aka.ms/vscode-powershell
Type 'help' to get help.
" -LogLevel 'Warning' -LogPath 'c:\Users\student\AppData\Roaming\Code\logs\20260915T202225\window1\exthost\ms-vscode.powershell' -SessionDetailsPath 'c:\Users\student\AppData\Roaming\Code\User\globalStorage\ms-vscode.powershell\sessions\PSES-VSCode-7464-892876.json' -FeatureFlags @() 
Process ID: 1580
PSVersion: 7.6.6
PSEdition: Core
GitCommitId: 7.6.6
OS: Microsoft Windows 10.0.26100
Platform: Win32NT
PSCompatibleVersions: 1.0, 2.0, 3.0, 4.0, 5.0, 5.1, 6.0, 7.0
PSRemotingProtocolVersion: 2.4
SerializationVersion: 1.1.0.1
WSManStackVersion: 3.0
**********************
Transcript started, output file is ./creat-resourcegroup.log
New-AzResourceGroup: C:\powershell-advanced-AnthonyB\create-resourcegroup\create-resourcegroup.ps1:50:9
Line |
  50 |          New-AzResourceGroup `
     |          ~~~~~~~~~~~~~~~~~~~~~
     | Your Azure credentials have not been set up or have expired, please run Connect-AzAccount to set up your Azure credentials. Authentication failed against tenant 83ee665d-ab1a-468c-9c2b-d58ab9aa4b97. User interaction is required. This may be due to the conditional access policy settings such as multi-factor authentication (MFA). If you need to access subscriptions in that tenant, please rerun 'Connect-AzAccount' with additional parameter '-TenantId 83ee665d-ab1a-468c-9c2b-d58ab9aa4b97'.
New-AzResourceGroup: C:\powershell-advanced-AnthonyB\create-resourcegroup\create-resourcegroup.ps1:50:9
Line |
  50 |          New-AzResourceGroup `
     |          ~~~~~~~~~~~~~~~~~~~~~
     | Your Azure credentials have not been set up or have expired, please run Connect-AzAccount to set up your Azure credentials. Authentication failed
     | against tenant 83ee665d-ab1a-468c-9c2b-d58ab9aa4b97. User interaction is required. This may be due to the conditional access policy settings such as
     | multi-factor authentication (MFA). If you need to access subscriptions in that tenant, please rerun 'Connect-AzAccount' with additional parameter
     | '-TenantId 83ee665d-ab1a-468c-9c2b-d58ab9aa4b97'.

@{ResourcegroupName=True; Location=centralus; Status=Created; Tags=System.Collections.Hashtable; Timestamp=9/15/2026 9:05:32 PM}
**********************
PowerShell transcript end
End time: 20260915210536
**********************
**********************
PowerShell transcript start
Start time: 20260915210736
Username: PA-Anthonyb\student
RunAs User: PA-Anthonyb\student
Configuration Name: 
Machine: PA-Anthonyb (Microsoft Windows NT 10.0.26100.0)
Host Application: C:\Program Files\WindowsApps\Microsoft.PowerShell_7.6.6.0_x64__8wekyb3d8bbwe\pwsh.dll -NoProfile -ExecutionPolicy Bypass -Command Import-Module 'c:\Users\student\.vscode\extensions\ms-vscode.powershell-2025.4.0\modules\PowerShellEditorServices\PowerShellEditorServices.psd1'; Start-EditorServices -HostName 'Visual Studio Code Host' -HostProfileId 'Microsoft.VSCode' -HostVersion '2025.4.0' -BundledModulesPath 'c:\Users\student\.vscode\extensions\ms-vscode.powershell-2025.4.0\modules' -EnableConsoleRepl -StartupBanner "PowerShell Extension v2025.4.0
Copyright (c) Microsoft Corporation.

https://aka.ms/vscode-powershell
Type 'help' to get help.
" -LogLevel 'Warning' -LogPath 'c:\Users\student\AppData\Roaming\Code\logs\20260915T202225\window1\exthost\ms-vscode.powershell' -SessionDetailsPath 'c:\Users\student\AppData\Roaming\Code\User\globalStorage\ms-vscode.powershell\sessions\PSES-VSCode-7464-892876.json' -FeatureFlags @() 
Process ID: 1580
PSVersion: 7.6.6
PSEdition: Core
GitCommitId: 7.6.6
OS: Microsoft Windows 10.0.26100
Platform: Win32NT
PSCompatibleVersions: 1.0, 2.0, 3.0, 4.0, 5.0, 5.1, 6.0, 7.0
PSRemotingProtocolVersion: 2.4
SerializationVersion: 1.1.0.1
WSManStackVersion: 3.0
**********************
Transcript started, output file is ./creat-resourcegroup.log
PS>TerminatingError(New-AzResourceGroup): "Cannot validate argument on parameter 'Name'. The argument is null or empty. Provide an argument that is not null or empty, and then try the command again."
Error creating resource group: Cannot validate argument on parameter 'Name'. The argument is null or empty. Provide an argument that is not null or empty, and then try the command again.
@{ResourcegroupName=True; Location=centralus; Status=Created; Tags=System.Collections.Hashtable; Timestamp=9/15/2026 9:07:36 PM}
**********************
PowerShell transcript end
End time: 20260915210736
**********************
**********************
PowerShell transcript start
Start time: 20260915211404
Username: PA-Anthonyb\student
RunAs User: PA-Anthonyb\student
Configuration Name: 
Machine: PA-Anthonyb (Microsoft Windows NT 10.0.26100.0)
Host Application: C:\Program Files\WindowsApps\Microsoft.PowerShell_7.6.6.0_x64__8wekyb3d8bbwe\pwsh.dll -NoProfile -ExecutionPolicy Bypass -Command Import-Module 'c:\Users\student\.vscode\extensions\ms-vscode.powershell-2025.4.0\modules\PowerShellEditorServices\PowerShellEditorServices.psd1'; Start-EditorServices -HostName 'Visual Studio Code Host' -HostProfileId 'Microsoft.VSCode' -HostVersion '2025.4.0' -BundledModulesPath 'c:\Users\student\.vscode\extensions\ms-vscode.powershell-2025.4.0\modules' -EnableConsoleRepl -StartupBanner "PowerShell Extension v2025.4.0
Copyright (c) Microsoft Corporation.

https://aka.ms/vscode-powershell
Type 'help' to get help.
" -LogLevel 'Warning' -LogPath 'c:\Users\student\AppData\Roaming\Code\logs\20260915T202225\window1\exthost\ms-vscode.powershell' -SessionDetailsPath 'c:\Users\student\AppData\Roaming\Code\User\globalStorage\ms-vscode.powershell\sessions\PSES-VSCode-7464-892876.json' -FeatureFlags @() 
Process ID: 1580
PSVersion: 7.6.6
PSEdition: Core
GitCommitId: 7.6.6
OS: Microsoft Windows 10.0.26100
Platform: Win32NT
PSCompatibleVersions: 1.0, 2.0, 3.0, 4.0, 5.0, 5.1, 6.0, 7.0
PSRemotingProtocolVersion: 2.4
SerializationVersion: 1.1.0.1
WSManStackVersion: 3.0
**********************
Transcript started, output file is ./creat-resourcegroup.log

ResourceGroupName : 1001
Location          : centralus
ProvisioningState : Succeeded
Tags              : 
                    Name         Value
                    ===========  =====
                    Department   IT
                    Environment  Test

ResourceId        : /subscriptions/c590d1c0-2832-4a91-a127-fad428b7a9f3/resourceGroups/1001

@{ResourcegroupName=; Location=centralus; Status=Created; Tags=System.Collections.Hashtable; Timestamp=9/15/2026 9:14:04 PM}
**********************
PowerShell transcript end
End time: 20260915211405
**********************
**********************
PowerShell transcript start
Start time: 20260915211850
Username: PA-Anthonyb\student
RunAs User: PA-Anthonyb\student
Configuration Name: 
Machine: PA-Anthonyb (Microsoft Windows NT 10.0.26100.0)
Host Application: C:\Program Files\WindowsApps\Microsoft.PowerShell_7.6.6.0_x64__8wekyb3d8bbwe\pwsh.dll -NoProfile -ExecutionPolicy Bypass -Command Import-Module 'c:\Users\student\.vscode\extensions\ms-vscode.powershell-2025.4.0\modules\PowerShellEditorServices\PowerShellEditorServices.psd1'; Start-EditorServices -HostName 'Visual Studio Code Host' -HostProfileId 'Microsoft.VSCode' -HostVersion '2025.4.0' -BundledModulesPath 'c:\Users\student\.vscode\extensions\ms-vscode.powershell-2025.4.0\modules' -EnableConsoleRepl -StartupBanner "PowerShell Extension v2025.4.0
Copyright (c) Microsoft Corporation.

https://aka.ms/vscode-powershell
Type 'help' to get help.
" -LogLevel 'Warning' -LogPath 'c:\Users\student\AppData\Roaming\Code\logs\20260915T202225\window1\exthost\ms-vscode.powershell' -SessionDetailsPath 'c:\Users\student\AppData\Roaming\Code\User\globalStorage\ms-vscode.powershell\sessions\PSES-VSCode-7464-892876.json' -FeatureFlags @() 
Process ID: 1580
PSVersion: 7.6.6
PSEdition: Core
GitCommitId: 7.6.6
OS: Microsoft Windows 10.0.26100
Platform: Win32NT
PSCompatibleVersions: 1.0, 2.0, 3.0, 4.0, 5.0, 5.1, 6.0, 7.0
PSRemotingProtocolVersion: 2.4
SerializationVersion: 1.1.0.1
WSManStackVersion: 3.0
**********************
Transcript started, output file is ./creat-resourcegroup.log
Confirm
Provided resource group already exists. Are you sure you want to update it?
&Yes  &No  &Suspend
Y

ResourceGroupName : 1001
Location          : centralus
ProvisioningState : Succeeded
Tags              : 
                    Name         Value
                    ===========  =====
                    Department   IT
                    Environment  Test

ResourceId        : /subscriptions/c590d1c0-2832-4a91-a127-fad428b7a9f3/resourceGroups/1001

@{ResourcegroupName=; Location=centralus; Status=Created; Tags=System.Collections.Hashtable; Timestamp=9/15/2026 9:18:50 PM}
**********************
PowerShell transcript end
End time: 20260915211857
**********************
**********************
PowerShell transcript start
Start time: 20260915212227
Username: PA-Anthonyb\student
RunAs User: PA-Anthonyb\student
Configuration Name: 
Machine: PA-Anthonyb (Microsoft Windows NT 10.0.26100.0)
Host Application: C:\Program Files\WindowsApps\Microsoft.PowerShell_7.6.6.0_x64__8wekyb3d8bbwe\pwsh.dll -NoProfile -ExecutionPolicy Bypass -Command Import-Module 'c:\Users\student\.vscode\extensions\ms-vscode.powershell-2025.4.0\modules\PowerShellEditorServices\PowerShellEditorServices.psd1'; Start-EditorServices -HostName 'Visual Studio Code Host' -HostProfileId 'Microsoft.VSCode' -HostVersion '2025.4.0' -BundledModulesPath 'c:\Users\student\.vscode\extensions\ms-vscode.powershell-2025.4.0\modules' -EnableConsoleRepl -StartupBanner "PowerShell Extension v2025.4.0
Copyright (c) Microsoft Corporation.

https://aka.ms/vscode-powershell
Type 'help' to get help.
" -LogLevel 'Warning' -LogPath 'c:\Users\student\AppData\Roaming\Code\logs\20260915T202225\window1\exthost\ms-vscode.powershell' -SessionDetailsPath 'c:\Users\student\AppData\Roaming\Code\User\globalStorage\ms-vscode.powershell\sessions\PSES-VSCode-7464-892876.json' -FeatureFlags @() 
Process ID: 1580
PSVersion: 7.6.6
PSEdition: Core
GitCommitId: 7.6.6
OS: Microsoft Windows 10.0.26100
Platform: Win32NT
PSCompatibleVersions: 1.0, 2.0, 3.0, 4.0, 5.0, 5.1, 6.0, 7.0
PSRemotingProtocolVersion: 2.4
SerializationVersion: 1.1.0.1
WSManStackVersion: 3.0
**********************
Transcript started, output file is ./creat-resourcegroup.log

ResourceGroupName : rg-100123434
Location          : centralus
ProvisioningState : Succeeded
Tags              : 
                    Name         Value
                    ===========  =====
                    Department   IT
                    Environment  Test

ResourceId        : /subscriptions/c590d1c0-2832-4a91-a127-fad428b7a9f3/resourceGroups/rg-100123434

@{ResourcegroupName=; Location=centralus; Status=Created; Tags=System.Collections.Hashtable; Timestamp=9/15/2026 9:22:27 PM}
**********************
PowerShell transcript end
End time: 20260915212228
**********************
**********************
PowerShell transcript start
Start time: 20260916144249
Username: PA-Anthonyb\student
RunAs User: PA-Anthonyb\student
Configuration Name: 
Machine: PA-Anthonyb (Microsoft Windows NT 10.0.26100.0)
Host Application: C:\Program Files\WindowsApps\Microsoft.PowerShell_7.6.6.0_x64__8wekyb3d8bbwe\pwsh.dll -NoProfile -ExecutionPolicy Bypass -Command Import-Module 'c:\Users\student\.vscode\extensions\ms-vscode.powershell-2025.4.0\modules\PowerShellEditorServices\PowerShellEditorServices.psd1'; Start-EditorServices -HostName 'Visual Studio Code Host' -HostProfileId 'Microsoft.VSCode' -HostVersion '2025.4.0' -BundledModulesPath 'c:\Users\student\.vscode\extensions\ms-vscode.powershell-2025.4.0\modules' -EnableConsoleRepl -StartupBanner "PowerShell Extension v2025.4.0
Copyright (c) Microsoft Corporation.

https://aka.ms/vscode-powershell
Type 'help' to get help.
" -LogLevel 'Warning' -LogPath 'c:\Users\student\AppData\Roaming\Code\logs\20260916T144154\window1\exthost\ms-vscode.powershell' -SessionDetailsPath 'c:\Users\student\AppData\Roaming\Code\User\globalStorage\ms-vscode.powershell\sessions\PSES-VSCode-6608-627757.json' -FeatureFlags @() 
Process ID: 6188
PSVersion: 7.6.6
PSEdition: Core
GitCommitId: 7.6.6
OS: Microsoft Windows 10.0.26100
Platform: Win32NT
PSCompatibleVersions: 1.0, 2.0, 3.0, 4.0, 5.0, 5.1, 6.0, 7.0
PSRemotingProtocolVersion: 2.4
SerializationVersion: 1.1.0.1
WSManStackVersion: 3.0
**********************
Transcript started, output file is ./creat-resourcegroup.log

ResourceGroupName : TEST091526
Location          : centralus
ProvisioningState : Succeeded
Tags              : 
                    Name         Value
                    ===========  =====
                    Environment  Test
                    Department   IT

ResourceId        : /subscriptions/c590d1c0-2832-4a91-a127-fad428b7a9f3/resourceGroups/TEST091526

@{ResourcegroupName=TEST091526; Location=centralus; Status=Created; Tags=System.Collections.Hashtable; Timestamp=9/16/2026 2:42:49 PM}
**********************
PowerShell transcript end
End time: 20260916144257
**********************
**********************
PowerShell transcript start
Start time: 20260916204744
Username: PA-Anthonyb\student
RunAs User: PA-Anthonyb\student
Configuration Name: 
Machine: PA-Anthonyb (Microsoft Windows NT 10.0.26100.0)
Host Application: C:\Program Files\WindowsApps\Microsoft.PowerShell_7.6.6.0_x64__8wekyb3d8bbwe\pwsh.dll -NoProfile -ExecutionPolicy Bypass -Command Import-Module 'c:\Users\student\.vscode\extensions\ms-vscode.powershell-2025.4.0\modules\PowerShellEditorServices\PowerShellEditorServices.psd1'; Start-EditorServices -HostName 'Visual Studio Code Host' -HostProfileId 'Microsoft.VSCode' -HostVersion '2025.4.0' -BundledModulesPath 'c:\Users\student\.vscode\extensions\ms-vscode.powershell-2025.4.0\modules' -EnableConsoleRepl -StartupBanner "PowerShell Extension v2025.4.0
Copyright (c) Microsoft Corporation.

https://aka.ms/vscode-powershell
Type 'help' to get help.
" -LogLevel 'Warning' -LogPath 'c:\Users\student\AppData\Roaming\Code\logs\20260916T144154\window1\exthost\ms-vscode.powershell' -SessionDetailsPath 'c:\Users\student\AppData\Roaming\Code\User\globalStorage\ms-vscode.powershell\sessions\PSES-VSCode-6608-627757.json' -FeatureFlags @() 
Process ID: 6188
PSVersion: 7.6.6
PSEdition: Core
GitCommitId: 7.6.6
OS: Microsoft Windows 10.0.26100
Platform: Win32NT
PSCompatibleVersions: 1.0, 2.0, 3.0, 4.0, 5.0, 5.1, 6.0, 7.0
PSRemotingProtocolVersion: 2.4
SerializationVersion: 1.1.0.1
WSManStackVersion: 3.0
**********************
Transcript started, output file is ./creat-resourcegroup.log

ResourceGroupName : RG-
Location          : centralus
ProvisioningState : Succeeded
Tags              : 
                    Name         Value
                    ===========  =====
                    Environment  Test
                    Department   IT

ResourceId        : /subscriptions/c590d1c0-2832-4a91-a127-fad428b7a9f3/resourceGroups/RG-

@{ResourcegroupName=; Location=centralus; Status=Created; Tags=System.Collections.Hashtable; Timestamp=9/16/2026 8:47:44 PM}
**********************
PowerShell transcript end
End time: 20260916204746
**********************
**********************
PowerShell transcript start
Start time: 20260916205152
Username: PA-Anthonyb\student
RunAs User: PA-Anthonyb\student
Configuration Name: 
Machine: PA-Anthonyb (Microsoft Windows NT 10.0.26100.0)
Host Application: C:\Program Files\WindowsApps\Microsoft.PowerShell_7.6.6.0_x64__8wekyb3d8bbwe\pwsh.dll -NoProfile -ExecutionPolicy Bypass -Command Import-Module 'c:\Users\student\.vscode\extensions\ms-vscode.powershell-2025.4.0\modules\PowerShellEditorServices\PowerShellEditorServices.psd1'; Start-EditorServices -HostName 'Visual Studio Code Host' -HostProfileId 'Microsoft.VSCode' -HostVersion '2025.4.0' -BundledModulesPath 'c:\Users\student\.vscode\extensions\ms-vscode.powershell-2025.4.0\modules' -EnableConsoleRepl -StartupBanner "PowerShell Extension v2025.4.0
Copyright (c) Microsoft Corporation.

https://aka.ms/vscode-powershell
Type 'help' to get help.
" -LogLevel 'Warning' -LogPath 'c:\Users\student\AppData\Roaming\Code\logs\20260916T144154\window1\exthost\ms-vscode.powershell' -SessionDetailsPath 'c:\Users\student\AppData\Roaming\Code\User\globalStorage\ms-vscode.powershell\sessions\PSES-VSCode-6608-627757.json' -FeatureFlags @() 
Process ID: 6188
PSVersion: 7.6.6
PSEdition: Core
GitCommitId: 7.6.6
OS: Microsoft Windows 10.0.26100
Platform: Win32NT
PSCompatibleVersions: 1.0, 2.0, 3.0, 4.0, 5.0, 5.1, 6.0, 7.0
PSRemotingProtocolVersion: 2.4
SerializationVersion: 1.1.0.1
WSManStackVersion: 3.0
**********************
Transcript started, output file is ./creat-resourcegroup.log

ResourceGroupName : 1001longenough
Location          : centralus
ProvisioningState : Succeeded
Tags              : 
                    Name         Value
                    ===========  =====
                    Environment  Test
                    Department   IT

ResourceId        : /subscriptions/c590d1c0-2832-4a91-a127-fad428b7a9f3/resourceGroups/1001longenough

Transcript started, output file is ./creat-resourcegroup.log
ResourceGroupName : 1002longenough
Location          : centralus
ProvisioningState : Succeeded
Tags              : 
                    Name         Value
                    ===========  =====
                    Environment  Test
                    Department   IT

ResourceId        : /subscriptions/c590d1c0-2832-4a91-a127-fad428b7a9f3/resourceGroups/1002longenough

Transcript started, output file is ./creat-resourcegroup.log
ResourceGroupName : 1003longenough
Location          : centralus
ProvisioningState : Succeeded
Tags              : 
                    Name         Value
                    ===========  =====
                    Environment  Test
                    Department   IT

ResourceId        : /subscriptions/c590d1c0-2832-4a91-a127-fad428b7a9f3/resourceGroups/1003longenough

@{ResourcegroupName=; Location=centralus; Status=Created; Tags=System.Collections.Hashtable; Timestamp=9/16/2026 8:51:52 PM}
Transcript stopped, output file is C:\powershell-advanced-AnthonyB\creat-resourcegroup.log
]633;D;0]633;A]633;P;Cwd=C:\x5cpowershell-advanced-AnthonyBPS C:\powershell-advanced-AnthonyB> ]633;B
PS>CommandInvocation(Get-Command): "Get-Command"
>> ParameterBinding(Get-Command): name="ListImported"; value="True"
>> ParameterBinding(Get-Command): name="CommandType"; value="Alias"

CommandType     Name                                               Version    Source
-----------     ----                                               -------    ------
Alias           % -> ForEach-Object
Alias           ? -> Where-Object
Alias           ac -> Add-Content
Alias           Add-AzAccount -> Connect-AzAccount                 5.5.2      Az.Accounts
Alias           cat -> Get-Content
Alias           cd -> Set-Location
Alias           chdir -> Set-Location
Alias           clc -> Clear-Content
Alias           clear -> Clear-Host
Alias           clhy -> Clear-History
Alias           cli -> Clear-Item
Alias           clp -> Clear-ItemProperty
Alias           cls -> Clear-Host
Alias           clv -> Clear-Variable
Alias           cnsn -> Connect-PSSession
Alias           compare -> Compare-Object
Alias           copy -> Copy-Item
Alias           cp -> Copy-Item
Alias           cpi -> Copy-Item
Alias           cpp -> Copy-ItemProperty
Alias           cvpa -> Convert-Path
Alias           dbp -> Disable-PSBreakpoint
Alias           del -> Remove-Item
Alias           diff -> Compare-Object
Alias           dir -> Get-ChildItem
Alias           dnsn -> Disconnect-PSSession
Alias           ebp -> Enable-PSBreakpoint
Alias           echo -> Write-Output
Alias           epal -> Export-Alias
Alias           epcsv -> Export-Csv
Alias           erase -> Remove-Item
Alias           etsn -> Enter-PSSession
Alias           exsn -> Exit-PSSession
Alias           fc -> Format-Custom
Alias           fhx -> Format-Hex                                  7.0.0.0    Microsoft.PowerShell.Util…
Alias           fl -> Format-List
Alias           foreach -> ForEach-Object
Alias           ft -> Format-Table
Alias           fw -> Format-Wide
Alias           gal -> Get-Alias
Alias           gbp -> Get-PSBreakpoint
Alias           gc -> Get-Content
Alias           gcb -> Get-Clipboard                               7.0.0.0    Microsoft.PowerShell.Mana…
Alias           gci -> Get-ChildItem
Alias           gcm -> Get-Command
Alias           gcs -> Get-PSCallStack
Alias           gdr -> Get-PSDrive
Alias           gerr -> Get-Error
Alias           Get-AzADServicePrincipalCredential -> Get-AzADSpC… 10.1.0     Az.Resources
Alias           Get-AzDomain -> Get-AzTenant                       5.5.2      Az.Accounts
Alias           Get-AzResourceProviderAction -> Get-AzProviderOpe… 10.1.0     Az.Resources
Alias           Get-AzSubscriptionDeployment -> Get-AzDeployment   10.1.0     Az.Resources
Alias           Get-AzSubscriptionDeploymentOperation -> Get-AzDe… 10.1.0     Az.Resources
Alias           Get-AzSubscriptionDeploymentWhatIfResult -> Get-A… 10.1.0     Az.Resources
Alias           ghy -> Get-History
Alias           gi -> Get-Item
Alias           gin -> Get-ComputerInfo                            7.0.0.0    Microsoft.PowerShell.Mana…
Alias           gjb -> Get-Job
Alias           gl -> Get-Location
Alias           gm -> Get-Member
Alias           gmo -> Get-Module
Alias           gp -> Get-ItemProperty
Alias           gps -> Get-Process
Alias           gpv -> Get-ItemPropertyValue
Alias           group -> Group-Object
Alias           gsn -> Get-PSSession
Alias           gsv -> Get-Service
Alias           gtz -> Get-TimeZone                                7.0.0.0    Microsoft.PowerShell.Mana…
Alias           gu -> Get-Unique
Alias           gv -> Get-Variable
Alias           h -> Get-History
Alias           history -> Get-History
Alias           icm -> Invoke-Command
Alias           iex -> Invoke-Expression
Alias           ihy -> Invoke-History
Alias           ii -> Invoke-Item
Alias           Invoke-AzRest -> Invoke-AzRestMethod               5.5.2      Az.Accounts
Alias           ipal -> Import-Alias
Alias           ipcsv -> Import-Csv
Alias           ipmo -> Import-Module
Alias           irm -> Invoke-RestMethod
Alias           iwr -> Invoke-WebRequest
Alias           kill -> Stop-Process
Alias           Login-AzAccount -> Connect-AzAccount               5.5.2      Az.Accounts
Alias           Logout-AzAccount -> Disconnect-AzAccount           5.5.2      Az.Accounts
Alias           ls -> Get-ChildItem
Alias           man -> help
Alias           md -> mkdir
Alias           measure -> Measure-Object
Alias           mi -> Move-Item
Alias           mount -> New-PSDrive
Alias           move -> Move-Item
Alias           mp -> Move-ItemProperty
Alias           mv -> Move-Item
Alias           nal -> New-Alias
Alias           ndr -> New-PSDrive
Alias           New-AzADServicePrincipalCredential -> New-AzADSpC… 10.1.0     Az.Resources
Alias           New-AzSubscriptionDeployment -> New-AzDeployment   10.1.0     Az.Resources
Alias           ni -> New-Item
Alias           nmo -> New-Module
Alias           nsn -> New-PSSession
Alias           nv -> New-Variable
Alias           ogv -> Out-GridView
Alias           oh -> Out-Host
Alias           popd -> Pop-Location
Alias           ps -> Get-Process
Alias           psedit -> Open-EditorFile                          0.2.0      PowerShellEditorServices.…
Alias           pushd -> Push-Location
Alias           pwd -> Get-Location
Alias           r -> Invoke-History
Alias           rbp -> Remove-PSBreakpoint
Alias           rcjb -> Receive-Job
Alias           rcsn -> Receive-PSSession
Alias           rd -> Remove-Item
Alias           rdr -> Remove-PSDrive
Alias           Remove-AzAccount -> Disconnect-AzAccount           5.5.2      Az.Accounts
Alias           Remove-AzADServicePrincipalCredential -> Remove-A… 10.1.0     Az.Resources
Alias           Remove-AzSubscriptionDeployment -> Remove-AzDeplo… 10.1.0     Az.Resources
Alias           ren -> Rename-Item
Alias           ri -> Remove-Item
Alias           rjb -> Remove-Job
Alias           rm -> Remove-Item
Alias           rmdir -> Remove-Item
Alias           rmo -> Remove-Module
Alias           rni -> Rename-Item
Alias           rnp -> Rename-ItemProperty
Alias           rp -> Remove-ItemProperty
Alias           rsn -> Remove-PSSession
Alias           rv -> Remove-Variable
Alias           rvpa -> Resolve-Path
Alias           sajb -> Start-Job
Alias           sal -> Set-Alias
Alias           saps -> Start-Process
Alias           sasv -> Start-Service
Alias           Save-AzProfile -> Save-AzContext                   5.5.2      Az.Accounts
Alias           Save-AzSubscriptionDeploymentTemplate -> Save-AzD… 10.1.0     Az.Resources
Alias           sbp -> Set-PSBreakpoint
Alias           scb -> Set-Clipboard                               7.0.0.0    Microsoft.PowerShell.Mana…
Alias           select -> Select-Object
Alias           Select-AzSubscription -> Set-AzContext             5.5.2      Az.Accounts
Alias           set -> Set-Variable
Alias           Set-AzADApplication -> Update-AzADApplication      10.1.0     Az.Resources
Alias           Set-AzADServicePrincipal -> Update-AzADServicePri… 10.1.0     Az.Resources
Alias           Set-AzADUser -> Update-AzADUser                    10.1.0     Az.Resources
Alias           Set-AzConfig -> Update-AzConfig                    5.5.2      Az.Accounts
Alias           Set-AzPolicyAssignment -> Update-AzPolicyAssignme… 10.1.0     Az.Resources
Alias           Set-AzPolicyDefinition -> Update-AzPolicyDefiniti… 10.1.0     Az.Resources
Alias           Set-AzPolicyExemption -> Update-AzPolicyExemption  10.1.0     Az.Resources
Alias           Set-AzPolicySetDefinition -> Update-AzPolicySetDe… 10.1.0     Az.Resources
Alias           shcm -> Show-Command
Alias           si -> Set-Item
Alias           sl -> Set-Location
Alias           sleep -> Start-Sleep
Alias           sls -> Select-String
Alias           sort -> Sort-Object
Alias           sp -> Set-ItemProperty
Alias           spjb -> Stop-Job
Alias           spps -> Stop-Process
Alias           spsv -> Stop-Service
Alias           start -> Start-Process
Alias           Stop-AzSubscriptionDeployment -> Stop-AzDeployment 10.1.0     Az.Resources
Alias           stz -> Set-TimeZone                                7.0.0.0    Microsoft.PowerShell.Mana…
Alias           sv -> Set-Variable
Alias           tee -> Tee-Object
Alias           Test-AzSubscriptionDeployment -> Test-AzDeployment 10.1.0     Az.Resources
Alias           type -> Get-Content
Alias           where -> Where-Object
Alias           wjb -> Wait-Job
Alias           write -> Write-Output

PS>CommandInvocation(Get-Command): "Get-Command"
>> ParameterBinding(Get-Command): name="ListImported"; value="True"
>> ParameterBinding(Get-Command): name="CommandType"; value="Alias"

CommandType     Name                                               Version    Source
-----------     ----                                               -------    ------
Alias           % -> ForEach-Object
Alias           ? -> Where-Object
Alias           ac -> Add-Content
Alias           Add-AzAccount -> Connect-AzAccount                 5.5.2      Az.Accounts
Alias           cat -> Get-Content
Alias           cd -> Set-Location
Alias           chdir -> Set-Location
Alias           clc -> Clear-Content
Alias           clear -> Clear-Host
Alias           clhy -> Clear-History
Alias           cli -> Clear-Item
Alias           clp -> Clear-ItemProperty
Alias           cls -> Clear-Host
Alias           clv -> Clear-Variable
Alias           cnsn -> Connect-PSSession
Alias           compare -> Compare-Object
Alias           copy -> Copy-Item
Alias           cp -> Copy-Item
Alias           cpi -> Copy-Item
Alias           cpp -> Copy-ItemProperty
Alias           cvpa -> Convert-Path
Alias           dbp -> Disable-PSBreakpoint
Alias           del -> Remove-Item
Alias           diff -> Compare-Object
Alias           dir -> Get-ChildItem
Alias           dnsn -> Disconnect-PSSession
Alias           ebp -> Enable-PSBreakpoint
Alias           echo -> Write-Output
Alias           epal -> Export-Alias
Alias           epcsv -> Export-Csv
Alias           erase -> Remove-Item
Alias           etsn -> Enter-PSSession
Alias           exsn -> Exit-PSSession
Alias           fc -> Format-Custom
Alias           fhx -> Format-Hex                                  7.0.0.0    Microsoft.PowerShell.Util…
Alias           fl -> Format-List
Alias           foreach -> ForEach-Object
Alias           ft -> Format-Table
Alias           fw -> Format-Wide
Alias           gal -> Get-Alias
Alias           gbp -> Get-PSBreakpoint
Alias           gc -> Get-Content
Alias           gcb -> Get-Clipboard                               7.0.0.0    Microsoft.PowerShell.Mana…
Alias           gci -> Get-ChildItem
Alias           gcm -> Get-Command
Alias           gcs -> Get-PSCallStack
Alias           gdr -> Get-PSDrive
Alias           gerr -> Get-Error
Alias           Get-AzADServicePrincipalCredential -> Get-AzADSpC… 10.1.0     Az.Resources
Alias           Get-AzDomain -> Get-AzTenant                       5.5.2      Az.Accounts
Alias           Get-AzResourceProviderAction -> Get-AzProviderOpe… 10.1.0     Az.Resources
Alias           Get-AzSubscriptionDeployment -> Get-AzDeployment   10.1.0     Az.Resources
Alias           Get-AzSubscriptionDeploymentOperation -> Get-AzDe… 10.1.0     Az.Resources
Alias           Get-AzSubscriptionDeploymentWhatIfResult -> Get-A… 10.1.0     Az.Resources
Alias           ghy -> Get-History
Alias           gi -> Get-Item
Alias           gin -> Get-ComputerInfo                            7.0.0.0    Microsoft.PowerShell.Mana…
Alias           gjb -> Get-Job
Alias           gl -> Get-Location
Alias           gm -> Get-Member
Alias           gmo -> Get-Module
Alias           gp -> Get-ItemProperty
Alias           gps -> Get-Process
Alias           gpv -> Get-ItemPropertyValue
Alias           group -> Group-Object
Alias           gsn -> Get-PSSession
Alias           gsv -> Get-Service
Alias           gtz -> Get-TimeZone                                7.0.0.0    Microsoft.PowerShell.Mana…
Alias           gu -> Get-Unique
Alias           gv -> Get-Variable
Alias           h -> Get-History
Alias           history -> Get-History
Alias           icm -> Invoke-Command
Alias           iex -> Invoke-Expression
Alias           ihy -> Invoke-History
Alias           ii -> Invoke-Item
Alias           Invoke-AzRest -> Invoke-AzRestMethod               5.5.2      Az.Accounts
Alias           ipal -> Import-Alias
Alias           ipcsv -> Import-Csv
Alias           ipmo -> Import-Module
Alias           irm -> Invoke-RestMethod
Alias           iwr -> Invoke-WebRequest
Alias           kill -> Stop-Process
Alias           Login-AzAccount -> Connect-AzAccount               5.5.2      Az.Accounts
Alias           Logout-AzAccount -> Disconnect-AzAccount           5.5.2      Az.Accounts
Alias           ls -> Get-ChildItem
Alias           man -> help
Alias           md -> mkdir
Alias           measure -> Measure-Object
Alias           mi -> Move-Item
Alias           mount -> New-PSDrive
Alias           move -> Move-Item
Alias           mp -> Move-ItemProperty
Alias           mv -> Move-Item
Alias           nal -> New-Alias
Alias           ndr -> New-PSDrive
Alias           New-AzADServicePrincipalCredential -> New-AzADSpC… 10.1.0     Az.Resources
Alias           New-AzSubscriptionDeployment -> New-AzDeployment   10.1.0     Az.Resources
Alias           ni -> New-Item
Alias           nmo -> New-Module
Alias           nsn -> New-PSSession
Alias           nv -> New-Variable
Alias           ogv -> Out-GridView
Alias           oh -> Out-Host
Alias           popd -> Pop-Location
Alias           ps -> Get-Process
Alias           psedit -> Open-EditorFile                          0.2.0      PowerShellEditorServices.…
Alias           pushd -> Push-Location
Alias           pwd -> Get-Location
Alias           r -> Invoke-History
Alias           rbp -> Remove-PSBreakpoint
Alias           rcjb -> Receive-Job
Alias           rcsn -> Receive-PSSession
Alias           rd -> Remove-Item
Alias           rdr -> Remove-PSDrive
Alias           Remove-AzAccount -> Disconnect-AzAccount           5.5.2      Az.Accounts
Alias           Remove-AzADServicePrincipalCredential -> Remove-A… 10.1.0     Az.Resources
Alias           Remove-AzSubscriptionDeployment -> Remove-AzDeplo… 10.1.0     Az.Resources
Alias           ren -> Rename-Item
Alias           ri -> Remove-Item
Alias           rjb -> Remove-Job
Alias           rm -> Remove-Item
Alias           rmdir -> Remove-Item
Alias           rmo -> Remove-Module
Alias           rni -> Rename-Item
Alias           rnp -> Rename-ItemProperty
Alias           rp -> Remove-ItemProperty
Alias           rsn -> Remove-PSSession
Alias           rv -> Remove-Variable
Alias           rvpa -> Resolve-Path
Alias           sajb -> Start-Job
Alias           sal -> Set-Alias
Alias           saps -> Start-Process
Alias           sasv -> Start-Service
Alias           Save-AzProfile -> Save-AzContext                   5.5.2      Az.Accounts
Alias           Save-AzSubscriptionDeploymentTemplate -> Save-AzD… 10.1.0     Az.Resources
Alias           sbp -> Set-PSBreakpoint
Alias           scb -> Set-Clipboard                               7.0.0.0    Microsoft.PowerShell.Mana…
Alias           select -> Select-Object
Alias           Select-AzSubscription -> Set-AzContext             5.5.2      Az.Accounts
Alias           set -> Set-Variable
Alias           Set-AzADApplication -> Update-AzADApplication      10.1.0     Az.Resources
Alias           Set-AzADServicePrincipal -> Update-AzADServicePri… 10.1.0     Az.Resources
Alias           Set-AzADUser -> Update-AzADUser                    10.1.0     Az.Resources
Alias           Set-AzConfig -> Update-AzConfig                    5.5.2      Az.Accounts
Alias           Set-AzPolicyAssignment -> Update-AzPolicyAssignme… 10.1.0     Az.Resources
Alias           Set-AzPolicyDefinition -> Update-AzPolicyDefiniti… 10.1.0     Az.Resources
Alias           Set-AzPolicyExemption -> Update-AzPolicyExemption  10.1.0     Az.Resources
Alias           Set-AzPolicySetDefinition -> Update-AzPolicySetDe… 10.1.0     Az.Resources
Alias           shcm -> Show-Command
Alias           si -> Set-Item
Alias           sl -> Set-Location
Alias           sleep -> Start-Sleep
Alias           sls -> Select-String
Alias           sort -> Sort-Object
Alias           sp -> Set-ItemProperty
Alias           spjb -> Stop-Job
Alias           spps -> Stop-Process
Alias           spsv -> Stop-Service
Alias           start -> Start-Process
Alias           Stop-AzSubscriptionDeployment -> Stop-AzDeployment 10.1.0     Az.Resources
Alias           stz -> Set-TimeZone                                7.0.0.0    Microsoft.PowerShell.Mana…
Alias           sv -> Set-Variable
Alias           tee -> Tee-Object
Alias           Test-AzSubscriptionDeployment -> Test-AzDeployment 10.1.0     Az.Resources
Alias           type -> Get-Content
Alias           where -> Where-Object
Alias           wjb -> Wait-Job
Alias           write -> Write-Output

PS>CommandInvocation(Get-Command): "Get-Command"
>> ParameterBinding(Get-Command): name="ListImported"; value="True"
>> ParameterBinding(Get-Command): name="CommandType"; value="Alias"

CommandType     Name                                               Version    Source
-----------     ----                                               -------    ------
Alias           % -> ForEach-Object
Alias           ? -> Where-Object
Alias           ac -> Add-Content
Alias           Add-AzAccount -> Connect-AzAccount                 5.5.2      Az.Accounts
Alias           cat -> Get-Content
Alias           cd -> Set-Location
Alias           chdir -> Set-Location
Alias           clc -> Clear-Content
Alias           clear -> Clear-Host
Alias           clhy -> Clear-History
Alias           cli -> Clear-Item
Alias           clp -> Clear-ItemProperty
Alias           cls -> Clear-Host
Alias           clv -> Clear-Variable
Alias           cnsn -> Connect-PSSession
Alias           compare -> Compare-Object
Alias           copy -> Copy-Item
Alias           cp -> Copy-Item
Alias           cpi -> Copy-Item
Alias           cpp -> Copy-ItemProperty
Alias           cvpa -> Convert-Path
Alias           dbp -> Disable-PSBreakpoint
Alias           del -> Remove-Item
Alias           diff -> Compare-Object
Alias           dir -> Get-ChildItem
Alias           dnsn -> Disconnect-PSSession
Alias           ebp -> Enable-PSBreakpoint
Alias           echo -> Write-Output
Alias           epal -> Export-Alias
Alias           epcsv -> Export-Csv
Alias           erase -> Remove-Item
Alias           etsn -> Enter-PSSession
Alias           exsn -> Exit-PSSession
Alias           fc -> Format-Custom
Alias           fhx -> Format-Hex                                  7.0.0.0    Microsoft.PowerShell.Util…
Alias           fl -> Format-List
Alias           foreach -> ForEach-Object
Alias           ft -> Format-Table
Alias           fw -> Format-Wide
Alias           gal -> Get-Alias
Alias           gbp -> Get-PSBreakpoint
Alias           gc -> Get-Content
Alias           gcb -> Get-Clipboard                               7.0.0.0    Microsoft.PowerShell.Mana…
Alias           gci -> Get-ChildItem
Alias           gcm -> Get-Command
Alias           gcs -> Get-PSCallStack
Alias           gdr -> Get-PSDrive
Alias           gerr -> Get-Error
Alias           Get-AzADServicePrincipalCredential -> Get-AzADSpC… 10.1.0     Az.Resources
Alias           Get-AzDomain -> Get-AzTenant                       5.5.2      Az.Accounts
Alias           Get-AzResourceProviderAction -> Get-AzProviderOpe… 10.1.0     Az.Resources
Alias           Get-AzSubscriptionDeployment -> Get-AzDeployment   10.1.0     Az.Resources
Alias           Get-AzSubscriptionDeploymentOperation -> Get-AzDe… 10.1.0     Az.Resources
Alias           Get-AzSubscriptionDeploymentWhatIfResult -> Get-A… 10.1.0     Az.Resources
Alias           ghy -> Get-History
Alias           gi -> Get-Item
Alias           gin -> Get-ComputerInfo                            7.0.0.0    Microsoft.PowerShell.Mana…
Alias           gjb -> Get-Job
Alias           gl -> Get-Location
Alias           gm -> Get-Member
Alias           gmo -> Get-Module
Alias           gp -> Get-ItemProperty
Alias           gps -> Get-Process
Alias           gpv -> Get-ItemPropertyValue
Alias           group -> Group-Object
Alias           gsn -> Get-PSSession
Alias           gsv -> Get-Service
Alias           gtz -> Get-TimeZone                                7.0.0.0    Microsoft.PowerShell.Mana…
Alias           gu -> Get-Unique
Alias           gv -> Get-Variable
Alias           h -> Get-History
Alias           history -> Get-History
Alias           icm -> Invoke-Command
Alias           iex -> Invoke-Expression
Alias           ihy -> Invoke-History
Alias           ii -> Invoke-Item
Alias           Invoke-AzRest -> Invoke-AzRestMethod               5.5.2      Az.Accounts
Alias           ipal -> Import-Alias
Alias           ipcsv -> Import-Csv
Alias           ipmo -> Import-Module
Alias           irm -> Invoke-RestMethod
Alias           iwr -> Invoke-WebRequest
Alias           kill -> Stop-Process
Alias           Login-AzAccount -> Connect-AzAccount               5.5.2      Az.Accounts
Alias           Logout-AzAccount -> Disconnect-AzAccount           5.5.2      Az.Accounts
Alias           ls -> Get-ChildItem
Alias           man -> help
Alias           md -> mkdir
Alias           measure -> Measure-Object
Alias           mi -> Move-Item
Alias           mount -> New-PSDrive
Alias           move -> Move-Item
Alias           mp -> Move-ItemProperty
Alias           mv -> Move-Item
Alias           nal -> New-Alias
Alias           ndr -> New-PSDrive
Alias           New-AzADServicePrincipalCredential -> New-AzADSpC… 10.1.0     Az.Resources
Alias           New-AzSubscriptionDeployment -> New-AzDeployment   10.1.0     Az.Resources
Alias           ni -> New-Item
Alias           nmo -> New-Module
Alias           nsn -> New-PSSession
Alias           nv -> New-Variable
Alias           ogv -> Out-GridView
Alias           oh -> Out-Host
Alias           popd -> Pop-Location
Alias           ps -> Get-Process
Alias           psedit -> Open-EditorFile                          0.2.0      PowerShellEditorServices.…
Alias           pushd -> Push-Location
Alias           pwd -> Get-Location
Alias           r -> Invoke-History
Alias           rbp -> Remove-PSBreakpoint
Alias           rcjb -> Receive-Job
Alias           rcsn -> Receive-PSSession
Alias           rd -> Remove-Item
Alias           rdr -> Remove-PSDrive
Alias           Remove-AzAccount -> Disconnect-AzAccount           5.5.2      Az.Accounts
Alias           Remove-AzADServicePrincipalCredential -> Remove-A… 10.1.0     Az.Resources
Alias           Remove-AzSubscriptionDeployment -> Remove-AzDeplo… 10.1.0     Az.Resources
Alias           ren -> Rename-Item
Alias           ri -> Remove-Item
Alias           rjb -> Remove-Job
Alias           rm -> Remove-Item
Alias           rmdir -> Remove-Item
Alias           rmo -> Remove-Module
Alias           rni -> Rename-Item
Alias           rnp -> Rename-ItemProperty
Alias           rp -> Remove-ItemProperty
Alias           rsn -> Remove-PSSession
Alias           rv -> Remove-Variable
Alias           rvpa -> Resolve-Path
Alias           sajb -> Start-Job
Alias           sal -> Set-Alias
Alias           saps -> Start-Process
Alias           sasv -> Start-Service
Alias           Save-AzProfile -> Save-AzContext                   5.5.2      Az.Accounts
Alias           Save-AzSubscriptionDeploymentTemplate -> Save-AzD… 10.1.0     Az.Resources
Alias           sbp -> Set-PSBreakpoint
Alias           scb -> Set-Clipboard                               7.0.0.0    Microsoft.PowerShell.Mana…
Alias           select -> Select-Object
Alias           Select-AzSubscription -> Set-AzContext             5.5.2      Az.Accounts
Alias           set -> Set-Variable
Alias           Set-AzADApplication -> Update-AzADApplication      10.1.0     Az.Resources
Alias           Set-AzADServicePrincipal -> Update-AzADServicePri… 10.1.0     Az.Resources
Alias           Set-AzADUser -> Update-AzADUser                    10.1.0     Az.Resources
Alias           Set-AzConfig -> Update-AzConfig                    5.5.2      Az.Accounts
Alias           Set-AzPolicyAssignment -> Update-AzPolicyAssignme… 10.1.0     Az.Resources
Alias           Set-AzPolicyDefinition -> Update-AzPolicyDefiniti… 10.1.0     Az.Resources
Alias           Set-AzPolicyExemption -> Update-AzPolicyExemption  10.1.0     Az.Resources
Alias           Set-AzPolicySetDefinition -> Update-AzPolicySetDe… 10.1.0     Az.Resources
Alias           shcm -> Show-Command
Alias           si -> Set-Item
Alias           sl -> Set-Location
Alias           sleep -> Start-Sleep
Alias           sls -> Select-String
Alias           sort -> Sort-Object
Alias           sp -> Set-ItemProperty
Alias           spjb -> Stop-Job
Alias           spps -> Stop-Process
Alias           spsv -> Stop-Service
Alias           start -> Start-Process
Alias           Stop-AzSubscriptionDeployment -> Stop-AzDeployment 10.1.0     Az.Resources
Alias           stz -> Set-TimeZone                                7.0.0.0    Microsoft.PowerShell.Mana…
Alias           sv -> Set-Variable
Alias           tee -> Tee-Object
Alias           Test-AzSubscriptionDeployment -> Test-AzDeployment 10.1.0     Az.Resources
Alias           type -> Get-Content
Alias           where -> Where-Object
Alias           wjb -> Wait-Job
Alias           write -> Write-Output

PS>CommandInvocation(Get-Command): "Get-Command"
>> ParameterBinding(Get-Command): name="ListImported"; value="True"
>> ParameterBinding(Get-Command): name="CommandType"; value="Alias"

CommandType     Name                                               Version    Source
-----------     ----                                               -------    ------
Alias           % -> ForEach-Object
Alias           ? -> Where-Object
Alias           ac -> Add-Content
Alias           Add-AzAccount -> Connect-AzAccount                 5.5.2      Az.Accounts
Alias           cat -> Get-Content
Alias           cd -> Set-Location
Alias           chdir -> Set-Location
Alias           clc -> Clear-Content
Alias           clear -> Clear-Host
Alias           clhy -> Clear-History
Alias           cli -> Clear-Item
Alias           clp -> Clear-ItemProperty
Alias           cls -> Clear-Host
Alias           clv -> Clear-Variable
Alias           cnsn -> Connect-PSSession
Alias           compare -> Compare-Object
Alias           copy -> Copy-Item
Alias           cp -> Copy-Item
Alias           cpi -> Copy-Item
Alias           cpp -> Copy-ItemProperty
Alias           cvpa -> Convert-Path
Alias           dbp -> Disable-PSBreakpoint
Alias           del -> Remove-Item
Alias           diff -> Compare-Object
Alias           dir -> Get-ChildItem
Alias           dnsn -> Disconnect-PSSession
Alias           ebp -> Enable-PSBreakpoint
Alias           echo -> Write-Output
Alias           epal -> Export-Alias
Alias           epcsv -> Export-Csv
Alias           erase -> Remove-Item
Alias           etsn -> Enter-PSSession
Alias           exsn -> Exit-PSSession
Alias           fc -> Format-Custom
Alias           fhx -> Format-Hex                                  7.0.0.0    Microsoft.PowerShell.Util…
Alias           fl -> Format-List
Alias           foreach -> ForEach-Object
Alias           ft -> Format-Table
Alias           fw -> Format-Wide
Alias           gal -> Get-Alias
Alias           gbp -> Get-PSBreakpoint
Alias           gc -> Get-Content
Alias           gcb -> Get-Clipboard                               7.0.0.0    Microsoft.PowerShell.Mana…
Alias           gci -> Get-ChildItem
Alias           gcm -> Get-Command
Alias           gcs -> Get-PSCallStack
Alias           gdr -> Get-PSDrive
Alias           gerr -> Get-Error
Alias           Get-AzADServicePrincipalCredential -> Get-AzADSpC… 10.1.0     Az.Resources
Alias           Get-AzDomain -> Get-AzTenant                       5.5.2      Az.Accounts
Alias           Get-AzResourceProviderAction -> Get-AzProviderOpe… 10.1.0     Az.Resources
Alias           Get-AzSubscriptionDeployment -> Get-AzDeployment   10.1.0     Az.Resources
Alias           Get-AzSubscriptionDeploymentOperation -> Get-AzDe… 10.1.0     Az.Resources
Alias           Get-AzSubscriptionDeploymentWhatIfResult -> Get-A… 10.1.0     Az.Resources
Alias           ghy -> Get-History
Alias           gi -> Get-Item
Alias           gin -> Get-ComputerInfo                            7.0.0.0    Microsoft.PowerShell.Mana…
Alias           gjb -> Get-Job
Alias           gl -> Get-Location
Alias           gm -> Get-Member
Alias           gmo -> Get-Module
Alias           gp -> Get-ItemProperty
Alias           gps -> Get-Process
Alias           gpv -> Get-ItemPropertyValue
Alias           group -> Group-Object
Alias           gsn -> Get-PSSession
Alias           gsv -> Get-Service
Alias           gtz -> Get-TimeZone                                7.0.0.0    Microsoft.PowerShell.Mana…
Alias           gu -> Get-Unique
Alias           gv -> Get-Variable
Alias           h -> Get-History
Alias           history -> Get-History
Alias           icm -> Invoke-Command
Alias           iex -> Invoke-Expression
Alias           ihy -> Invoke-History
Alias           ii -> Invoke-Item
Alias           Invoke-AzRest -> Invoke-AzRestMethod               5.5.2      Az.Accounts
Alias           ipal -> Import-Alias
Alias           ipcsv -> Import-Csv
Alias           ipmo -> Import-Module
Alias           irm -> Invoke-RestMethod
Alias           iwr -> Invoke-WebRequest
Alias           kill -> Stop-Process
Alias           Login-AzAccount -> Connect-AzAccount               5.5.2      Az.Accounts
Alias           Logout-AzAccount -> Disconnect-AzAccount           5.5.2      Az.Accounts
Alias           ls -> Get-ChildItem
Alias           man -> help
Alias           md -> mkdir
Alias           measure -> Measure-Object
Alias           mi -> Move-Item
Alias           mount -> New-PSDrive
Alias           move -> Move-Item
Alias           mp -> Move-ItemProperty
Alias           mv -> Move-Item
Alias           nal -> New-Alias
Alias           ndr -> New-PSDrive
Alias           New-AzADServicePrincipalCredential -> New-AzADSpC… 10.1.0     Az.Resources
Alias           New-AzSubscriptionDeployment -> New-AzDeployment   10.1.0     Az.Resources
Alias           ni -> New-Item
Alias           nmo -> New-Module
Alias           nsn -> New-PSSession
Alias           nv -> New-Variable
Alias           ogv -> Out-GridView
Alias           oh -> Out-Host
Alias           popd -> Pop-Location
Alias           ps -> Get-Process
Alias           psedit -> Open-EditorFile                          0.2.0      PowerShellEditorServices.…
Alias           pushd -> Push-Location
Alias           pwd -> Get-Location
Alias           r -> Invoke-History
Alias           rbp -> Remove-PSBreakpoint
Alias           rcjb -> Receive-Job
Alias           rcsn -> Receive-PSSession
Alias           rd -> Remove-Item
Alias           rdr -> Remove-PSDrive
Alias           Remove-AzAccount -> Disconnect-AzAccount           5.5.2      Az.Accounts
Alias           Remove-AzADServicePrincipalCredential -> Remove-A… 10.1.0     Az.Resources
Alias           Remove-AzSubscriptionDeployment -> Remove-AzDeplo… 10.1.0     Az.Resources
Alias           ren -> Rename-Item
Alias           ri -> Remove-Item
Alias           rjb -> Remove-Job
Alias           rm -> Remove-Item
Alias           rmdir -> Remove-Item
Alias           rmo -> Remove-Module
Alias           rni -> Rename-Item
Alias           rnp -> Rename-ItemProperty
Alias           rp -> Remove-ItemProperty
Alias           rsn -> Remove-PSSession
Alias           rv -> Remove-Variable
Alias           rvpa -> Resolve-Path
Alias           sajb -> Start-Job
Alias           sal -> Set-Alias
Alias           saps -> Start-Process
Alias           sasv -> Start-Service
Alias           Save-AzProfile -> Save-AzContext                   5.5.2      Az.Accounts
Alias           Save-AzSubscriptionDeploymentTemplate -> Save-AzD… 10.1.0     Az.Resources
Alias           sbp -> Set-PSBreakpoint
Alias           scb -> Set-Clipboard                               7.0.0.0    Microsoft.PowerShell.Mana…
Alias           select -> Select-Object
Alias           Select-AzSubscription -> Set-AzContext             5.5.2      Az.Accounts
Alias           set -> Set-Variable
Alias           Set-AzADApplication -> Update-AzADApplication      10.1.0     Az.Resources
Alias           Set-AzADServicePrincipal -> Update-AzADServicePri… 10.1.0     Az.Resources
Alias           Set-AzADUser -> Update-AzADUser                    10.1.0     Az.Resources
Alias           Set-AzConfig -> Update-AzConfig                    5.5.2      Az.Accounts
Alias           Set-AzPolicyAssignment -> Update-AzPolicyAssignme… 10.1.0     Az.Resources
Alias           Set-AzPolicyDefinition -> Update-AzPolicyDefiniti… 10.1.0     Az.Resources
Alias           Set-AzPolicyExemption -> Update-AzPolicyExemption  10.1.0     Az.Resources
Alias           Set-AzPolicySetDefinition -> Update-AzPolicySetDe… 10.1.0     Az.Resources
Alias           shcm -> Show-Command
Alias           si -> Set-Item
Alias           sl -> Set-Location
Alias           sleep -> Start-Sleep
Alias           sls -> Select-String
Alias           sort -> Sort-Object
Alias           sp -> Set-ItemProperty
Alias           spjb -> Stop-Job
Alias           spps -> Stop-Process
Alias           spsv -> Stop-Service
Alias           start -> Start-Process
Alias           Stop-AzSubscriptionDeployment -> Stop-AzDeployment 10.1.0     Az.Resources
Alias           stz -> Set-TimeZone                                7.0.0.0    Microsoft.PowerShell.Mana…
Alias           sv -> Set-Variable
Alias           tee -> Tee-Object
Alias           Test-AzSubscriptionDeployment -> Test-AzDeployment 10.1.0     Az.Resources
Alias           type -> Get-Content
Alias           where -> Where-Object
Alias           wjb -> Wait-Job
Alias           write -> Write-Output

PS>CommandInvocation(Get-Command): "Get-Command"
>> ParameterBinding(Get-Command): name="ListImported"; value="True"
>> ParameterBinding(Get-Command): name="CommandType"; value="Alias"

CommandType     Name                                               Version    Source
-----------     ----                                               -------    ------
Alias           % -> ForEach-Object
Alias           ? -> Where-Object
Alias           ac -> Add-Content
Alias           Add-AzAccount -> Connect-AzAccount                 5.5.2      Az.Accounts
Alias           cat -> Get-Content
Alias           cd -> Set-Location
Alias           chdir -> Set-Location
Alias           clc -> Clear-Content
Alias           clear -> Clear-Host
Alias           clhy -> Clear-History
Alias           cli -> Clear-Item
Alias           clp -> Clear-ItemProperty
Alias           cls -> Clear-Host
Alias           clv -> Clear-Variable
Alias           cnsn -> Connect-PSSession
Alias           compare -> Compare-Object
Alias           copy -> Copy-Item
Alias           cp -> Copy-Item
Alias           cpi -> Copy-Item
Alias           cpp -> Copy-ItemProperty
Alias           cvpa -> Convert-Path
Alias           dbp -> Disable-PSBreakpoint
Alias           del -> Remove-Item
Alias           diff -> Compare-Object
Alias           dir -> Get-ChildItem
Alias           dnsn -> Disconnect-PSSession
Alias           ebp -> Enable-PSBreakpoint
Alias           echo -> Write-Output
Alias           epal -> Export-Alias
Alias           epcsv -> Export-Csv
Alias           erase -> Remove-Item
Alias           etsn -> Enter-PSSession
Alias           exsn -> Exit-PSSession
Alias           fc -> Format-Custom
Alias           fhx -> Format-Hex                                  7.0.0.0    Microsoft.PowerShell.Util…
Alias           fl -> Format-List
Alias           foreach -> ForEach-Object
Alias           ft -> Format-Table
Alias           fw -> Format-Wide
Alias           gal -> Get-Alias
Alias           gbp -> Get-PSBreakpoint
Alias           gc -> Get-Content
Alias           gcb -> Get-Clipboard                               7.0.0.0    Microsoft.PowerShell.Mana…
Alias           gci -> Get-ChildItem
Alias           gcm -> Get-Command
Alias           gcs -> Get-PSCallStack
Alias           gdr -> Get-PSDrive
Alias           gerr -> Get-Error
Alias           Get-AzADServicePrincipalCredential -> Get-AzADSpC… 10.1.0     Az.Resources
Alias           Get-AzDomain -> Get-AzTenant                       5.5.2      Az.Accounts
Alias           Get-AzResourceProviderAction -> Get-AzProviderOpe… 10.1.0     Az.Resources
Alias           Get-AzSubscriptionDeployment -> Get-AzDeployment   10.1.0     Az.Resources
Alias           Get-AzSubscriptionDeploymentOperation -> Get-AzDe… 10.1.0     Az.Resources
Alias           Get-AzSubscriptionDeploymentWhatIfResult -> Get-A… 10.1.0     Az.Resources
Alias           ghy -> Get-History
Alias           gi -> Get-Item
Alias           gin -> Get-ComputerInfo                            7.0.0.0    Microsoft.PowerShell.Mana…
Alias           gjb -> Get-Job
Alias           gl -> Get-Location
Alias           gm -> Get-Member
Alias           gmo -> Get-Module
Alias           gp -> Get-ItemProperty
Alias           gps -> Get-Process
Alias           gpv -> Get-ItemPropertyValue
Alias           group -> Group-Object
Alias           gsn -> Get-PSSession
Alias           gsv -> Get-Service
Alias           gtz -> Get-TimeZone                                7.0.0.0    Microsoft.PowerShell.Mana…
Alias           gu -> Get-Unique
Alias           gv -> Get-Variable
Alias           h -> Get-History
Alias           history -> Get-History
Alias           icm -> Invoke-Command
Alias           iex -> Invoke-Expression
Alias           ihy -> Invoke-History
Alias           ii -> Invoke-Item
Alias           Invoke-AzRest -> Invoke-AzRestMethod               5.5.2      Az.Accounts
Alias           ipal -> Import-Alias
Alias           ipcsv -> Import-Csv
Alias           ipmo -> Import-Module
Alias           irm -> Invoke-RestMethod
Alias           iwr -> Invoke-WebRequest
Alias           kill -> Stop-Process
Alias           Login-AzAccount -> Connect-AzAccount               5.5.2      Az.Accounts
Alias           Logout-AzAccount -> Disconnect-AzAccount           5.5.2      Az.Accounts
Alias           ls -> Get-ChildItem
Alias           man -> help
Alias           md -> mkdir
Alias           measure -> Measure-Object
Alias           mi -> Move-Item
Alias           mount -> New-PSDrive
Alias           move -> Move-Item
Alias           mp -> Move-ItemProperty
Alias           mv -> Move-Item
Alias           nal -> New-Alias
Alias           ndr -> New-PSDrive
Alias           New-AzADServicePrincipalCredential -> New-AzADSpC… 10.1.0     Az.Resources
Alias           New-AzSubscriptionDeployment -> New-AzDeployment   10.1.0     Az.Resources
Alias           ni -> New-Item
Alias           nmo -> New-Module
Alias           nsn -> New-PSSession
Alias           nv -> New-Variable
Alias           ogv -> Out-GridView
Alias           oh -> Out-Host
Alias           popd -> Pop-Location
Alias           ps -> Get-Process
Alias           psedit -> Open-EditorFile                          0.2.0      PowerShellEditorServices.…
Alias           pushd -> Push-Location
Alias           pwd -> Get-Location
Alias           r -> Invoke-History
Alias           rbp -> Remove-PSBreakpoint
Alias           rcjb -> Receive-Job
Alias           rcsn -> Receive-PSSession
Alias           rd -> Remove-Item
Alias           rdr -> Remove-PSDrive
Alias           Remove-AzAccount -> Disconnect-AzAccount           5.5.2      Az.Accounts
Alias           Remove-AzADServicePrincipalCredential -> Remove-A… 10.1.0     Az.Resources
Alias           Remove-AzSubscriptionDeployment -> Remove-AzDeplo… 10.1.0     Az.Resources
Alias           ren -> Rename-Item
Alias           ri -> Remove-Item
Alias           rjb -> Remove-Job
Alias           rm -> Remove-Item
Alias           rmdir -> Remove-Item
Alias           rmo -> Remove-Module
Alias           rni -> Rename-Item
Alias           rnp -> Rename-ItemProperty
Alias           rp -> Remove-ItemProperty
Alias           rsn -> Remove-PSSession
Alias           rv -> Remove-Variable
Alias           rvpa -> Resolve-Path
Alias           sajb -> Start-Job
Alias           sal -> Set-Alias
Alias           saps -> Start-Process
Alias           sasv -> Start-Service
Alias           Save-AzProfile -> Save-AzContext                   5.5.2      Az.Accounts
Alias           Save-AzSubscriptionDeploymentTemplate -> Save-AzD… 10.1.0     Az.Resources
Alias           sbp -> Set-PSBreakpoint
Alias           scb -> Set-Clipboard                               7.0.0.0    Microsoft.PowerShell.Mana…
Alias           select -> Select-Object
Alias           Select-AzSubscription -> Set-AzContext             5.5.2      Az.Accounts
Alias           set -> Set-Variable
Alias           Set-AzADApplication -> Update-AzADApplication      10.1.0     Az.Resources
Alias           Set-AzADServicePrincipal -> Update-AzADServicePri… 10.1.0     Az.Resources
Alias           Set-AzADUser -> Update-AzADUser                    10.1.0     Az.Resources
Alias           Set-AzConfig -> Update-AzConfig                    5.5.2      Az.Accounts
Alias           Set-AzPolicyAssignment -> Update-AzPolicyAssignme… 10.1.0     Az.Resources
Alias           Set-AzPolicyDefinition -> Update-AzPolicyDefiniti… 10.1.0     Az.Resources
Alias           Set-AzPolicyExemption -> Update-AzPolicyExemption  10.1.0     Az.Resources
Alias           Set-AzPolicySetDefinition -> Update-AzPolicySetDe… 10.1.0     Az.Resources
Alias           shcm -> Show-Command
Alias           si -> Set-Item
Alias           sl -> Set-Location
Alias           sleep -> Start-Sleep
Alias           sls -> Select-String
Alias           sort -> Sort-Object
Alias           sp -> Set-ItemProperty
Alias           spjb -> Stop-Job
Alias           spps -> Stop-Process
Alias           spsv -> Stop-Service
Alias           start -> Start-Process
Alias           Stop-AzSubscriptionDeployment -> Stop-AzDeployment 10.1.0     Az.Resources
Alias           stz -> Set-TimeZone                                7.0.0.0    Microsoft.PowerShell.Mana…
Alias           sv -> Set-Variable
Alias           tee -> Tee-Object
Alias           Test-AzSubscriptionDeployment -> Test-AzDeployment 10.1.0     Az.Resources
Alias           type -> Get-Content
Alias           where -> Where-Object
Alias           wjb -> Wait-Job
Alias           write -> Write-Output

PS>CommandInvocation(Get-Command): "Get-Command"
>> ParameterBinding(Get-Command): name="ListImported"; value="True"
>> ParameterBinding(Get-Command): name="CommandType"; value="Alias"

CommandType     Name                                               Version    Source
-----------     ----                                               -------    ------
Alias           % -> ForEach-Object
Alias           ? -> Where-Object
Alias           ac -> Add-Content
Alias           Add-AzAccount -> Connect-AzAccount                 5.5.2      Az.Accounts
Alias           cat -> Get-Content
Alias           cd -> Set-Location
Alias           chdir -> Set-Location
Alias           clc -> Clear-Content
Alias           clear -> Clear-Host
Alias           clhy -> Clear-History
Alias           cli -> Clear-Item
Alias           clp -> Clear-ItemProperty
Alias           cls -> Clear-Host
Alias           clv -> Clear-Variable
Alias           cnsn -> Connect-PSSession
Alias           compare -> Compare-Object
Alias           copy -> Copy-Item
Alias           cp -> Copy-Item
Alias           cpi -> Copy-Item
>> TerminatingError(): "The pipeline has been stopped."
PS>CommandInvocation(Get-Command): "Get-Command"
>> ParameterBinding(Get-Command): name="ErrorAction"; value="Ignore"
>> ParameterBinding(Get-Command): name="Name"; value="write-verbose"

CommandType     Name                                               Version    Source
-----------     ----                                               -------    ------
Cmdlet          Write-Verbose                                      7.0.0.0    Microsoft.PowerShell.Util…

PS>CommandInvocation(Get-Command): "Get-Command"
>> ParameterBinding(Get-Command): name="ListImported"; value="True"
>> ParameterBinding(Get-Command): name="CommandType"; value="Alias"

CommandType     Name                                               Version    Source
-----------     ----                                               -------    ------
Alias           % -> ForEach-Object
Alias           ? -> Where-Object
Alias           ac -> Add-Content
Alias           Add-AzAccount -> Connect-AzAccount                 5.5.2      Az.Accounts
Alias           cat -> Get-Content
Alias           cd -> Set-Location
Alias           chdir -> Set-Location
Alias           clc -> Clear-Content
Alias           clear -> Clear-Host
Alias           clhy -> Clear-History
Alias           cli -> Clear-Item
Alias           clp -> Clear-ItemProperty
Alias           cls -> Clear-Host
Alias           clv -> Clear-Variable
Alias           cnsn -> Connect-PSSession
Alias           compare -> Compare-Object
Alias           copy -> Copy-Item
Alias           cp -> Copy-Item
Alias           cpi -> Copy-Item
Alias           cpp -> Copy-ItemProperty
Alias           cvpa -> Convert-Path
Alias           dbp -> Disable-PSBreakpoint
Alias           del -> Remove-Item
Alias           diff -> Compare-Object
Alias           dir -> Get-ChildItem
Alias           dnsn -> Disconnect-PSSession
Alias           ebp -> Enable-PSBreakpoint
Alias           echo -> Write-Output
Alias           epal -> Export-Alias
Alias           epcsv -> Export-Csv
Alias           erase -> Remove-Item
Alias           etsn -> Enter-PSSession
Alias           exsn -> Exit-PSSession
Alias           fc -> Format-Custom
Alias           fhx -> Format-Hex                                  7.0.0.0    Microsoft.PowerShell.Util…
Alias           fl -> Format-List
Alias           foreach -> ForEach-Object
Alias           ft -> Format-Table
Alias           fw -> Format-Wide
Alias           gal -> Get-Alias
Alias           gbp -> Get-PSBreakpoint
Alias           gc -> Get-Content
Alias           gcb -> Get-Clipboard                               7.0.0.0    Microsoft.PowerShell.Mana…
Alias           gci -> Get-ChildItem
Alias           gcm -> Get-Command
Alias           gcs -> Get-PSCallStack
Alias           gdr -> Get-PSDrive
Alias           gerr -> Get-Error
Alias           Get-AzADServicePrincipalCredential -> Get-AzADSpC… 10.1.0     Az.Resources
Alias           Get-AzDomain -> Get-AzTenant                       5.5.2      Az.Accounts
Alias           Get-AzResourceProviderAction -> Get-AzProviderOpe… 10.1.0     Az.Resources
Alias           Get-AzSubscriptionDeployment -> Get-AzDeployment   10.1.0     Az.Resources
Alias           Get-AzSubscriptionDeploymentOperation -> Get-AzDe… 10.1.0     Az.Resources
Alias           Get-AzSubscriptionDeploymentWhatIfResult -> Get-A… 10.1.0     Az.Resources
Alias           ghy -> Get-History
Alias           gi -> Get-Item
Alias           gin -> Get-ComputerInfo                            7.0.0.0    Microsoft.PowerShell.Mana…
Alias           gjb -> Get-Job
Alias           gl -> Get-Location
Alias           gm -> Get-Member
Alias           gmo -> Get-Module
Alias           gp -> Get-ItemProperty
Alias           gps -> Get-Process
Alias           gpv -> Get-ItemPropertyValue
Alias           group -> Group-Object
Alias           gsn -> Get-PSSession
Alias           gsv -> Get-Service
Alias           gtz -> Get-TimeZone                                7.0.0.0    Microsoft.PowerShell.Mana…
Alias           gu -> Get-Unique
Alias           gv -> Get-Variable
Alias           h -> Get-History
Alias           history -> Get-History
Alias           icm -> Invoke-Command
Alias           iex -> Invoke-Expression
Alias           ihy -> Invoke-History
Alias           ii -> Invoke-Item
Alias           Invoke-AzRest -> Invoke-AzRestMethod               5.5.2      Az.Accounts
Alias           ipal -> Import-Alias
Alias           ipcsv -> Import-Csv
Alias           ipmo -> Import-Module
Alias           irm -> Invoke-RestMethod
Alias           iwr -> Invoke-WebRequest
Alias           kill -> Stop-Process
Alias           Login-AzAccount -> Connect-AzAccount               5.5.2      Az.Accounts
Alias           Logout-AzAccount -> Disconnect-AzAccount           5.5.2      Az.Accounts
Alias           ls -> Get-ChildItem
Alias           man -> help
Alias           md -> mkdir
Alias           measure -> Measure-Object
Alias           mi -> Move-Item
Alias           mount -> New-PSDrive
Alias           move -> Move-Item
Alias           mp -> Move-ItemProperty
Alias           mv -> Move-Item
Alias           nal -> New-Alias
Alias           ndr -> New-PSDrive
Alias           New-AzADServicePrincipalCredential -> New-AzADSpC… 10.1.0     Az.Resources
Alias           New-AzSubscriptionDeployment -> New-AzDeployment   10.1.0     Az.Resources
Alias           ni -> New-Item
Alias           nmo -> New-Module
Alias           nsn -> New-PSSession
Alias           nv -> New-Variable
Alias           ogv -> Out-GridView
Alias           oh -> Out-Host
Alias           popd -> Pop-Location
Alias           ps -> Get-Process
Alias           psedit -> Open-EditorFile                          0.2.0      PowerShellEditorServices.…
Alias           pushd -> Push-Location
Alias           pwd -> Get-Location
Alias           r -> Invoke-History
Alias           rbp -> Remove-PSBreakpoint
Alias           rcjb -> Receive-Job
Alias           rcsn -> Receive-PSSession
Alias           rd -> Remove-Item
Alias           rdr -> Remove-PSDrive
Alias           Remove-AzAccount -> Disconnect-AzAccount           5.5.2      Az.Accounts
Alias           Remove-AzADServicePrincipalCredential -> Remove-A… 10.1.0     Az.Resources
Alias           Remove-AzSubscriptionDeployment -> Remove-AzDeplo… 10.1.0     Az.Resources
Alias           ren -> Rename-Item
Alias           ri -> Remove-Item
Alias           rjb -> Remove-Job
Alias           rm -> Remove-Item
Alias           rmdir -> Remove-Item
Alias           rmo -> Remove-Module
Alias           rni -> Rename-Item
Alias           rnp -> Rename-ItemProperty
Alias           rp -> Remove-ItemProperty
Alias           rsn -> Remove-PSSession
Alias           rv -> Remove-Variable
Alias           rvpa -> Resolve-Path
Alias           sajb -> Start-Job
Alias           sal -> Set-Alias
Alias           saps -> Start-Process
Alias           sasv -> Start-Service
Alias           Save-AzProfile -> Save-AzContext                   5.5.2      Az.Accounts
Alias           Save-AzSubscriptionDeploymentTemplate -> Save-AzD… 10.1.0     Az.Resources
Alias           sbp -> Set-PSBreakpoint
Alias           scb -> Set-Clipboard                               7.0.0.0    Microsoft.PowerShell.Mana…
Alias           select -> Select-Object
Alias           Select-AzSubscription -> Set-AzContext             5.5.2      Az.Accounts
Alias           set -> Set-Variable
Alias           Set-AzADApplication -> Update-AzADApplication      10.1.0     Az.Resources
Alias           Set-AzADServicePrincipal -> Update-AzADServicePri… 10.1.0     Az.Resources
Alias           Set-AzADUser -> Update-AzADUser                    10.1.0     Az.Resources
Alias           Set-AzConfig -> Update-AzConfig                    5.5.2      Az.Accounts
Alias           Set-AzPolicyAssignment -> Update-AzPolicyAssignme… 10.1.0     Az.Resources
Alias           Set-AzPolicyDefinition -> Update-AzPolicyDefiniti… 10.1.0     Az.Resources
Alias           Set-AzPolicyExemption -> Update-AzPolicyExemption  10.1.0     Az.Resources
Alias           Set-AzPolicySetDefinition -> Update-AzPolicySetDe… 10.1.0     Az.Resources
Alias           shcm -> Show-Command
Alias           si -> Set-Item
Alias           sl -> Set-Location
Alias           sleep -> Start-Sleep
Alias           sls -> Select-String
Alias           sort -> Sort-Object
Alias           sp -> Set-ItemProperty
Alias           spjb -> Stop-Job
Alias           spps -> Stop-Process
Alias           spsv -> Stop-Service
Alias           start -> Start-Process
Alias           Stop-AzSubscriptionDeployment -> Stop-AzDeployment 10.1.0     Az.Resources
Alias           stz -> Set-TimeZone                                7.0.0.0    Microsoft.PowerShell.Mana…
Alias           sv -> Set-Variable
Alias           tee -> Tee-Object
Alias           Test-AzSubscriptionDeployment -> Test-AzDeployment 10.1.0     Az.Resources
Alias           type -> Get-Content
Alias           where -> Where-Object
Alias           wjb -> Wait-Job
Alias           write -> Write-Output

PS>CommandInvocation(Get-Command): "Get-Command"
>> ParameterBinding(Get-Command): name="ListImported"; value="True"
>> ParameterBinding(Get-Command): name="CommandType"; value="Alias"

CommandType     Name                                               Version    Source
-----------     ----                                               -------    ------
Alias           % -> ForEach-Object
Alias           ? -> Where-Object
Alias           ac -> Add-Content
Alias           Add-AzAccount -> Connect-AzAccount                 5.5.2      Az.Accounts
Alias           cat -> Get-Content
Alias           cd -> Set-Location
Alias           chdir -> Set-Location
Alias           clc -> Clear-Content
Alias           clear -> Clear-Host
Alias           clhy -> Clear-History
Alias           cli -> Clear-Item
Alias           clp -> Clear-ItemProperty
Alias           cls -> Clear-Host
Alias           clv -> Clear-Variable
Alias           cnsn -> Connect-PSSession
Alias           compare -> Compare-Object
Alias           copy -> Copy-Item
Alias           cp -> Copy-Item
Alias           cpi -> Copy-Item
Alias           cpp -> Copy-ItemProperty
Alias           cvpa -> Convert-Path
Alias           dbp -> Disable-PSBreakpoint
Alias           del -> Remove-Item
Alias           diff -> Compare-Object
Alias           dir -> Get-ChildItem
Alias           dnsn -> Disconnect-PSSession
Alias           ebp -> Enable-PSBreakpoint
Alias           echo -> Write-Output
Alias           epal -> Export-Alias
Alias           epcsv -> Export-Csv
Alias           erase -> Remove-Item
Alias           etsn -> Enter-PSSession
Alias           exsn -> Exit-PSSession
Alias           fc -> Format-Custom
Alias           fhx -> Format-Hex                                  7.0.0.0    Microsoft.PowerShell.Util…
Alias           fl -> Format-List
Alias           foreach -> ForEach-Object
Alias           ft -> Format-Table
Alias           fw -> Format-Wide
Alias           gal -> Get-Alias
Alias           gbp -> Get-PSBreakpoint
Alias           gc -> Get-Content
Alias           gcb -> Get-Clipboard                               7.0.0.0    Microsoft.PowerShell.Mana…
Alias           gci -> Get-ChildItem
Alias           gcm -> Get-Command
Alias           gcs -> Get-PSCallStack
Alias           gdr -> Get-PSDrive
Alias           gerr -> Get-Error
Alias           Get-AzADServicePrincipalCredential -> Get-AzADSpC… 10.1.0     Az.Resources
Alias           Get-AzDomain -> Get-AzTenant                       5.5.2      Az.Accounts
Alias           Get-AzResourceProviderAction -> Get-AzProviderOpe… 10.1.0     Az.Resources
Alias           Get-AzSubscriptionDeployment -> Get-AzDeployment   10.1.0     Az.Resources
Alias           Get-AzSubscriptionDeploymentOperation -> Get-AzDe… 10.1.0     Az.Resources
Alias           Get-AzSubscriptionDeploymentWhatIfResult -> Get-A… 10.1.0     Az.Resources
Alias           ghy -> Get-History
Alias           gi -> Get-Item
Alias           gin -> Get-ComputerInfo                            7.0.0.0    Microsoft.PowerShell.Mana…
Alias           gjb -> Get-Job
Alias           gl -> Get-Location
Alias           gm -> Get-Member
Alias           gmo -> Get-Module
Alias           gp -> Get-ItemProperty
Alias           gps -> Get-Process
Alias           gpv -> Get-ItemPropertyValue
Alias           group -> Group-Object
Alias           gsn -> Get-PSSession
Alias           gsv -> Get-Service
Alias           gtz -> Get-TimeZone                                7.0.0.0    Microsoft.PowerShell.Mana…
Alias           gu -> Get-Unique
Alias           gv -> Get-Variable
Alias           h -> Get-History
Alias           history -> Get-History
Alias           icm -> Invoke-Command
Alias           iex -> Invoke-Expression
Alias           ihy -> Invoke-History
Alias           ii -> Invoke-Item
Alias           Invoke-AzRest -> Invoke-AzRestMethod               5.5.2      Az.Accounts
Alias           ipal -> Import-Alias
Alias           ipcsv -> Import-Csv
Alias           ipmo -> Import-Module
Alias           irm -> Invoke-RestMethod
Alias           iwr -> Invoke-WebRequest
Alias           kill -> Stop-Process
Alias           Login-AzAccount -> Connect-AzAccount               5.5.2      Az.Accounts
Alias           Logout-AzAccount -> Disconnect-AzAccount           5.5.2      Az.Accounts
Alias           ls -> Get-ChildItem
Alias           man -> help
Alias           md -> mkdir
Alias           measure -> Measure-Object
Alias           mi -> Move-Item
Alias           mount -> New-PSDrive
Alias           move -> Move-Item
Alias           mp -> Move-ItemProperty
Alias           mv -> Move-Item
Alias           nal -> New-Alias
Alias           ndr -> New-PSDrive
Alias           New-AzADServicePrincipalCredential -> New-AzADSpC… 10.1.0     Az.Resources
Alias           New-AzSubscriptionDeployment -> New-AzDeployment   10.1.0     Az.Resources
Alias           ni -> New-Item
Alias           nmo -> New-Module
Alias           nsn -> New-PSSession
Alias           nv -> New-Variable
Alias           ogv -> Out-GridView
Alias           oh -> Out-Host
Alias           popd -> Pop-Location
Alias           ps -> Get-Process
Alias           psedit -> Open-EditorFile                          0.2.0      PowerShellEditorServices.…
Alias           pushd -> Push-Location
Alias           pwd -> Get-Location
Alias           r -> Invoke-History
Alias           rbp -> Remove-PSBreakpoint
Alias           rcjb -> Receive-Job
Alias           rcsn -> Receive-PSSession
Alias           rd -> Remove-Item
Alias           rdr -> Remove-PSDrive
Alias           Remove-AzAccount -> Disconnect-AzAccount           5.5.2      Az.Accounts
Alias           Remove-AzADServicePrincipalCredential -> Remove-A… 10.1.0     Az.Resources
Alias           Remove-AzSubscriptionDeployment -> Remove-AzDeplo… 10.1.0     Az.Resources
Alias           ren -> Rename-Item
Alias           ri -> Remove-Item
Alias           rjb -> Remove-Job
Alias           rm -> Remove-Item
Alias           rmdir -> Remove-Item
Alias           rmo -> Remove-Module
Alias           rni -> Rename-Item
Alias           rnp -> Rename-ItemProperty
Alias           rp -> Remove-ItemProperty
Alias           rsn -> Remove-PSSession
Alias           rv -> Remove-Variable
Alias           rvpa -> Resolve-Path
Alias           sajb -> Start-Job
Alias           sal -> Set-Alias
Alias           saps -> Start-Process
Alias           sasv -> Start-Service
Alias           Save-AzProfile -> Save-AzContext                   5.5.2      Az.Accounts
Alias           Save-AzSubscriptionDeploymentTemplate -> Save-AzD… 10.1.0     Az.Resources
Alias           sbp -> Set-PSBreakpoint
Alias           scb -> Set-Clipboard                               7.0.0.0    Microsoft.PowerShell.Mana…
Alias           select -> Select-Object
Alias           Select-AzSubscription -> Set-AzContext             5.5.2      Az.Accounts
Alias           set -> Set-Variable
Alias           Set-AzADApplication -> Update-AzADApplication      10.1.0     Az.Resources
Alias           Set-AzADServicePrincipal -> Update-AzADServicePri… 10.1.0     Az.Resources
Alias           Set-AzADUser -> Update-AzADUser                    10.1.0     Az.Resources
Alias           Set-AzConfig -> Update-AzConfig                    5.5.2      Az.Accounts
Alias           Set-AzPolicyAssignment -> Update-AzPolicyAssignme… 10.1.0     Az.Resources
Alias           Set-AzPolicyDefinition -> Update-AzPolicyDefiniti… 10.1.0     Az.Resources
Alias           Set-AzPolicyExemption -> Update-AzPolicyExemption  10.1.0     Az.Resources
Alias           Set-AzPolicySetDefinition -> Update-AzPolicySetDe… 10.1.0     Az.Resources
Alias           shcm -> Show-Command
Alias           si -> Set-Item
Alias           sl -> Set-Location
Alias           sleep -> Start-Sleep
Alias           sls -> Select-String
Alias           sort -> Sort-Object
Alias           sp -> Set-ItemProperty
Alias           spjb -> Stop-Job
Alias           spps -> Stop-Process
Alias           spsv -> Stop-Service
Alias           start -> Start-Process
Alias           Stop-AzSubscriptionDeployment -> Stop-AzDeployment 10.1.0     Az.Resources
Alias           stz -> Set-TimeZone                                7.0.0.0    Microsoft.PowerShell.Mana…
Alias           sv -> Set-Variable
Alias           tee -> Tee-Object
Alias           Test-AzSubscriptionDeployment -> Test-AzDeployment 10.1.0     Az.Resources
Alias           type -> Get-Content
Alias           where -> Where-Object
Alias           wjb -> Wait-Job
Alias           write -> Write-Output

PS>CommandInvocation(Get-Command): "Get-Command"
>> ParameterBinding(Get-Command): name="ListImported"; value="True"
>> ParameterBinding(Get-Command): name="CommandType"; value="Alias"

CommandType     Name                                               Version    Source
-----------     ----                                               -------    ------
Alias           % -> ForEach-Object
Alias           ? -> Where-Object
Alias           ac -> Add-Content
Alias           Add-AzAccount -> Connect-AzAccount                 5.5.2      Az.Accounts
Alias           cat -> Get-Content
Alias           cd -> Set-Location
Alias           chdir -> Set-Location
Alias           clc -> Clear-Content
Alias           clear -> Clear-Host
Alias           clhy -> Clear-History
Alias           cli -> Clear-Item
Alias           clp -> Clear-ItemProperty
Alias           cls -> Clear-Host
Alias           clv -> Clear-Variable
Alias           cnsn -> Connect-PSSession
Alias           compare -> Compare-Object
Alias           copy -> Copy-Item
Alias           cp -> Copy-Item
Alias           cpi -> Copy-Item
Alias           cpp -> Copy-ItemProperty
Alias           cvpa -> Convert-Path
Alias           dbp -> Disable-PSBreakpoint
Alias           del -> Remove-Item
Alias           diff -> Compare-Object
Alias           dir -> Get-ChildItem
Alias           dnsn -> Disconnect-PSSession
Alias           ebp -> Enable-PSBreakpoint
Alias           echo -> Write-Output
Alias           epal -> Export-Alias
Alias           epcsv -> Export-Csv
Alias           erase -> Remove-Item
Alias           etsn -> Enter-PSSession
Alias           exsn -> Exit-PSSession
Alias           fc -> Format-Custom
Alias           fhx -> Format-Hex                                  7.0.0.0    Microsoft.PowerShell.Util…
Alias           fl -> Format-List
Alias           foreach -> ForEach-Object
Alias           ft -> Format-Table
Alias           fw -> Format-Wide
Alias           gal -> Get-Alias
Alias           gbp -> Get-PSBreakpoint
Alias           gc -> Get-Content
Alias           gcb -> Get-Clipboard                               7.0.0.0    Microsoft.PowerShell.Mana…
Alias           gci -> Get-ChildItem
Alias           gcm -> Get-Command
Alias           gcs -> Get-PSCallStack
Alias           gdr -> Get-PSDrive
Alias           gerr -> Get-Error
Alias           Get-AzADServicePrincipalCredential -> Get-AzADSpC… 10.1.0     Az.Resources
Alias           Get-AzDomain -> Get-AzTenant                       5.5.2      Az.Accounts
Alias           Get-AzResourceProviderAction -> Get-AzProviderOpe… 10.1.0     Az.Resources
Alias           Get-AzSubscriptionDeployment -> Get-AzDeployment   10.1.0     Az.Resources
Alias           Get-AzSubscriptionDeploymentOperation -> Get-AzDe… 10.1.0     Az.Resources
Alias           Get-AzSubscriptionDeploymentWhatIfResult -> Get-A… 10.1.0     Az.Resources
Alias           ghy -> Get-History
Alias           gi -> Get-Item
Alias           gin -> Get-ComputerInfo                            7.0.0.0    Microsoft.PowerShell.Mana…
Alias           gjb -> Get-Job
Alias           gl -> Get-Location
Alias           gm -> Get-Member
Alias           gmo -> Get-Module
Alias           gp -> Get-ItemProperty
Alias           gps -> Get-Process
Alias           gpv -> Get-ItemPropertyValue
Alias           group -> Group-Object
Alias           gsn -> Get-PSSession
Alias           gsv -> Get-Service
Alias           gtz -> Get-TimeZone                                7.0.0.0    Microsoft.PowerShell.Mana…
Alias           gu -> Get-Unique
Alias           gv -> Get-Variable
Alias           h -> Get-History
Alias           history -> Get-History
Alias           icm -> Invoke-Command
Alias           iex -> Invoke-Expression
Alias           ihy -> Invoke-History
Alias           ii -> Invoke-Item
Alias           Invoke-AzRest -> Invoke-AzRestMethod               5.5.2      Az.Accounts
Alias           ipal -> Import-Alias
Alias           ipcsv -> Import-Csv
Alias           ipmo -> Import-Module
Alias           irm -> Invoke-RestMethod
Alias           iwr -> Invoke-WebRequest
Alias           kill -> Stop-Process
Alias           Login-AzAccount -> Connect-AzAccount               5.5.2      Az.Accounts
Alias           Logout-AzAccount -> Disconnect-AzAccount           5.5.2      Az.Accounts
Alias           ls -> Get-ChildItem
Alias           man -> help
Alias           md -> mkdir
Alias           measure -> Measure-Object
Alias           mi -> Move-Item
Alias           mount -> New-PSDrive
Alias           move -> Move-Item
Alias           mp -> Move-ItemProperty
Alias           mv -> Move-Item
Alias           nal -> New-Alias
Alias           ndr -> New-PSDrive
Alias           New-AzADServicePrincipalCredential -> New-AzADSpC… 10.1.0     Az.Resources
Alias           New-AzSubscriptionDeployment -> New-AzDeployment   10.1.0     Az.Resources
Alias           ni -> New-Item
Alias           nmo -> New-Module
Alias           nsn -> New-PSSession
Alias           nv -> New-Variable
Alias           ogv -> Out-GridView
Alias           oh -> Out-Host
Alias           popd -> Pop-Location
Alias           ps -> Get-Process
Alias           psedit -> Open-EditorFile                          0.2.0      PowerShellEditorServices.…
Alias           pushd -> Push-Location
Alias           pwd -> Get-Location
Alias           r -> Invoke-History
Alias           rbp -> Remove-PSBreakpoint
Alias           rcjb -> Receive-Job
Alias           rcsn -> Receive-PSSession
Alias           rd -> Remove-Item
Alias           rdr -> Remove-PSDrive
Alias           Remove-AzAccount -> Disconnect-AzAccount           5.5.2      Az.Accounts
Alias           Remove-AzADServicePrincipalCredential -> Remove-A… 10.1.0     Az.Resources
Alias           Remove-AzSubscriptionDeployment -> Remove-AzDeplo… 10.1.0     Az.Resources
Alias           ren -> Rename-Item
Alias           ri -> Remove-Item
Alias           rjb -> Remove-Job
Alias           rm -> Remove-Item
Alias           rmdir -> Remove-Item
Alias           rmo -> Remove-Module
Alias           rni -> Rename-Item
Alias           rnp -> Rename-ItemProperty
Alias           rp -> Remove-ItemProperty
Alias           rsn -> Remove-PSSession
Alias           rv -> Remove-Variable
Alias           rvpa -> Resolve-Path
Alias           sajb -> Start-Job
Alias           sal -> Set-Alias
Alias           saps -> Start-Process
Alias           sasv -> Start-Service
Alias           Save-AzProfile -> Save-AzContext                   5.5.2      Az.Accounts
Alias           Save-AzSubscriptionDeploymentTemplate -> Save-AzD… 10.1.0     Az.Resources
Alias           sbp -> Set-PSBreakpoint
Alias           scb -> Set-Clipboard                               7.0.0.0    Microsoft.PowerShell.Mana…
Alias           select -> Select-Object
Alias           Select-AzSubscription -> Set-AzContext             5.5.2      Az.Accounts
Alias           set -> Set-Variable
Alias           Set-AzADApplication -> Update-AzADApplication      10.1.0     Az.Resources
Alias           Set-AzADServicePrincipal -> Update-AzADServicePri… 10.1.0     Az.Resources
Alias           Set-AzADUser -> Update-AzADUser                    10.1.0     Az.Resources
Alias           Set-AzConfig -> Update-AzConfig                    5.5.2      Az.Accounts
Alias           Set-AzPolicyAssignment -> Update-AzPolicyAssignme… 10.1.0     Az.Resources
Alias           Set-AzPolicyDefinition -> Update-AzPolicyDefiniti… 10.1.0     Az.Resources
Alias           Set-AzPolicyExemption -> Update-AzPolicyExemption  10.1.0     Az.Resources
Alias           Set-AzPolicySetDefinition -> Update-AzPolicySetDe… 10.1.0     Az.Resources
Alias           shcm -> Show-Command
Alias           si -> Set-Item
Alias           sl -> Set-Location
Alias           sleep -> Start-Sleep
Alias           sls -> Select-String
Alias           sort -> Sort-Object
Alias           sp -> Set-ItemProperty
Alias           spjb -> Stop-Job
Alias           spps -> Stop-Process
Alias           spsv -> Stop-Service
Alias           start -> Start-Process
Alias           Stop-AzSubscriptionDeployment -> Stop-AzDeployment 10.1.0     Az.Resources
Alias           stz -> Set-TimeZone                                7.0.0.0    Microsoft.PowerShell.Mana…
Alias           sv -> Set-Variable
Alias           tee -> Tee-Object
Alias           Test-AzSubscriptionDeployment -> Test-AzDeployment 10.1.0     Az.Resources
Alias           type -> Get-Content
Alias           where -> Where-Object
Alias           wjb -> Wait-Job
Alias           write -> Write-Output

PS>CommandInvocation(Get-Command): "Get-Command"
>> ParameterBinding(Get-Command): name="ListImported"; value="True"
>> ParameterBinding(Get-Command): name="CommandType"; value="Alias"

CommandType     Name                                               Version    Source
-----------     ----                                               -------    ------
Alias           % -> ForEach-Object
Alias           ? -> Where-Object
Alias           ac -> Add-Content
Alias           Add-AzAccount -> Connect-AzAccount                 5.5.2      Az.Accounts
Alias           cat -> Get-Content
Alias           cd -> Set-Location
Alias           chdir -> Set-Location
Alias           clc -> Clear-Content
Alias           clear -> Clear-Host
Alias           clhy -> Clear-History
Alias           cli -> Clear-Item
Alias           clp -> Clear-ItemProperty
Alias           cls -> Clear-Host
Alias           clv -> Clear-Variable
Alias           cnsn -> Connect-PSSession
Alias           compare -> Compare-Object
Alias           copy -> Copy-Item
Alias           cp -> Copy-Item
Alias           cpi -> Copy-Item
Alias           cpp -> Copy-ItemProperty
Alias           cvpa -> Convert-Path
Alias           dbp -> Disable-PSBreakpoint
Alias           del -> Remove-Item
Alias           diff -> Compare-Object
Alias           dir -> Get-ChildItem
Alias           dnsn -> Disconnect-PSSession
Alias           ebp -> Enable-PSBreakpoint
Alias           echo -> Write-Output
Alias           epal -> Export-Alias
Alias           epcsv -> Export-Csv
Alias           erase -> Remove-Item
Alias           etsn -> Enter-PSSession
Alias           exsn -> Exit-PSSession
Alias           fc -> Format-Custom
Alias           fhx -> Format-Hex                                  7.0.0.0    Microsoft.PowerShell.Util…
Alias           fl -> Format-List
Alias           foreach -> ForEach-Object
Alias           ft -> Format-Table
Alias           fw -> Format-Wide
Alias           gal -> Get-Alias
Alias           gbp -> Get-PSBreakpoint
Alias           gc -> Get-Content
Alias           gcb -> Get-Clipboard                               7.0.0.0    Microsoft.PowerShell.Mana…
Alias           gci -> Get-ChildItem
Alias           gcm -> Get-Command
Alias           gcs -> Get-PSCallStack
Alias           gdr -> Get-PSDrive
Alias           gerr -> Get-Error
Alias           Get-AzADServicePrincipalCredential -> Get-AzADSpC… 10.1.0     Az.Resources
Alias           Get-AzDomain -> Get-AzTenant                       5.5.2      Az.Accounts
Alias           Get-AzResourceProviderAction -> Get-AzProviderOpe… 10.1.0     Az.Resources
Alias           Get-AzSubscriptionDeployment -> Get-AzDeployment   10.1.0     Az.Resources
Alias           Get-AzSubscriptionDeploymentOperation -> Get-AzDe… 10.1.0     Az.Resources
Alias           Get-AzSubscriptionDeploymentWhatIfResult -> Get-A… 10.1.0     Az.Resources
Alias           ghy -> Get-History
Alias           gi -> Get-Item
Alias           gin -> Get-ComputerInfo                            7.0.0.0    Microsoft.PowerShell.Mana…
Alias           gjb -> Get-Job
Alias           gl -> Get-Location
Alias           gm -> Get-Member
Alias           gmo -> Get-Module
Alias           gp -> Get-ItemProperty
Alias           gps -> Get-Process
Alias           gpv -> Get-ItemPropertyValue
Alias           group -> Group-Object
Alias           gsn -> Get-PSSession
Alias           gsv -> Get-Service
Alias           gtz -> Get-TimeZone                                7.0.0.0    Microsoft.PowerShell.Mana…
Alias           gu -> Get-Unique
Alias           gv -> Get-Variable
Alias           h -> Get-History
Alias           history -> Get-History
Alias           icm -> Invoke-Command
Alias           iex -> Invoke-Expression
Alias           ihy -> Invoke-History
Alias           ii -> Invoke-Item
Alias           Invoke-AzRest -> Invoke-AzRestMethod               5.5.2      Az.Accounts
Alias           ipal -> Import-Alias
Alias           ipcsv -> Import-Csv
Alias           ipmo -> Import-Module
Alias           irm -> Invoke-RestMethod
Alias           iwr -> Invoke-WebRequest
Alias           kill -> Stop-Process
Alias           Login-AzAccount -> Connect-AzAccount               5.5.2      Az.Accounts
Alias           Logout-AzAccount -> Disconnect-AzAccount           5.5.2      Az.Accounts
Alias           ls -> Get-ChildItem
Alias           man -> help
Alias           md -> mkdir
Alias           measure -> Measure-Object
Alias           mi -> Move-Item
Alias           mount -> New-PSDrive
Alias           move -> Move-Item
Alias           mp -> Move-ItemProperty
Alias           mv -> Move-Item
Alias           nal -> New-Alias
Alias           ndr -> New-PSDrive
Alias           New-AzADServicePrincipalCredential -> New-AzADSpC… 10.1.0     Az.Resources
Alias           New-AzSubscriptionDeployment -> New-AzDeployment   10.1.0     Az.Resources
Alias           ni -> New-Item
Alias           nmo -> New-Module
Alias           nsn -> New-PSSession
Alias           nv -> New-Variable
Alias           ogv -> Out-GridView
Alias           oh -> Out-Host
Alias           popd -> Pop-Location
Alias           ps -> Get-Process
Alias           psedit -> Open-EditorFile                          0.2.0      PowerShellEditorServices.…
Alias           pushd -> Push-Location
Alias           pwd -> Get-Location
Alias           r -> Invoke-History
Alias           rbp -> Remove-PSBreakpoint
Alias           rcjb -> Receive-Job
Alias           rcsn -> Receive-PSSession
Alias           rd -> Remove-Item
Alias           rdr -> Remove-PSDrive
Alias           Remove-AzAccount -> Disconnect-AzAccount           5.5.2      Az.Accounts
Alias           Remove-AzADServicePrincipalCredential -> Remove-A… 10.1.0     Az.Resources
Alias           Remove-AzSubscriptionDeployment -> Remove-AzDeplo… 10.1.0     Az.Resources
Alias           ren -> Rename-Item
Alias           ri -> Remove-Item
Alias           rjb -> Remove-Job
Alias           rm -> Remove-Item
Alias           rmdir -> Remove-Item
Alias           rmo -> Remove-Module
Alias           rni -> Rename-Item
Alias           rnp -> Rename-ItemProperty
Alias           rp -> Remove-ItemProperty
Alias           rsn -> Remove-PSSession
Alias           rv -> Remove-Variable
Alias           rvpa -> Resolve-Path
Alias           sajb -> Start-Job
Alias           sal -> Set-Alias
Alias           saps -> Start-Process
Alias           sasv -> Start-Service
Alias           Save-AzProfile -> Save-AzContext                   5.5.2      Az.Accounts
Alias           Save-AzSubscriptionDeploymentTemplate -> Save-AzD… 10.1.0     Az.Resources
Alias           sbp -> Set-PSBreakpoint
Alias           scb -> Set-Clipboard                               7.0.0.0    Microsoft.PowerShell.Mana…
Alias           select -> Select-Object
Alias           Select-AzSubscription -> Set-AzContext             5.5.2      Az.Accounts
Alias           set -> Set-Variable
Alias           Set-AzADApplication -> Update-AzADApplication      10.1.0     Az.Resources
Alias           Set-AzADServicePrincipal -> Update-AzADServicePri… 10.1.0     Az.Resources
Alias           Set-AzADUser -> Update-AzADUser                    10.1.0     Az.Resources
Alias           Set-AzConfig -> Update-AzConfig                    5.5.2      Az.Accounts
Alias           Set-AzPolicyAssignment -> Update-AzPolicyAssignme… 10.1.0     Az.Resources
Alias           Set-AzPolicyDefinition -> Update-AzPolicyDefiniti… 10.1.0     Az.Resources
Alias           Set-AzPolicyExemption -> Update-AzPolicyExemption  10.1.0     Az.Resources
Alias           Set-AzPolicySetDefinition -> Update-AzPolicySetDe… 10.1.0     Az.Resources
Alias           shcm -> Show-Command
Alias           si -> Set-Item
Alias           sl -> Set-Location
Alias           sleep -> Start-Sleep
Alias           sls -> Select-String
Alias           sort -> Sort-Object
Alias           sp -> Set-ItemProperty
Alias           spjb -> Stop-Job
Alias           spps -> Stop-Process
Alias           spsv -> Stop-Service
Alias           start -> Start-Process
Alias           Stop-AzSubscriptionDeployment -> Stop-AzDeployment 10.1.0     Az.Resources
Alias           stz -> Set-TimeZone                                7.0.0.0    Microsoft.PowerShell.Mana…
Alias           sv -> Set-Variable
Alias           tee -> Tee-Object
Alias           Test-AzSubscriptionDeployment -> Test-AzDeployment 10.1.0     Az.Resources
Alias           type -> Get-Content
Alias           where -> Where-Object
Alias           wjb -> Wait-Job
Alias           write -> Write-Output

PS>CommandInvocation(Get-Command): "Get-Command"
>> ParameterBinding(Get-Command): name="ErrorAction"; value="Ignore"
>> ParameterBinding(Get-Command): name="Name"; value="param"
PS>CommandInvocation(Get-Command): "Get-Command"
>> ParameterBinding(Get-Command): name="ErrorAction"; value="Ignore"
>> ParameterBinding(Get-Command): name="Name"; value="param"
PS>CommandInvocation(Get-Command): "Get-Command"
>> ParameterBinding(Get-Command): name="ErrorAction"; value="Ignore"
>> ParameterBinding(Get-Command): name="Name"; value="param"
PS>CommandInvocation(Get-Help): "Get-Help"
>> ParameterBinding(Get-Help): name="Name"; value="Write-Verbose"
>> ParameterBinding(Get-Help): name="Online"; value="False"
>> ParameterBinding(Get-Help): name="ErrorAction"; value="Ignore"
>> TerminatingError(): "The pipeline has been stopped."
PS>CommandInvocation(Get-Help): "Get-Help"
>> ParameterBinding(Get-Help): name="Name"; value="Write-Verbose"
>> ParameterBinding(Get-Help): name="Online"; value="False"
>> ParameterBinding(Get-Help): name="ErrorAction"; value="Ignore"

NAME
    Write-Verbose

SYNOPSIS
    Writes text to the verbose message stream.


SYNTAX
    Write-Verbose [-Message] <System.String> [<CommonParameters>]


DESCRIPTION
    The `Write-Verbose` cmdlet writes text to the verbose message stream in PowerShell. Typically, the
    verbose message stream is used to deliver more in depth information about command processing.

    By default, the verbose message stream is not displayed, but you can display it by changing the
    value of the `$VerbosePreference` variable or using the **Verbose** common parameter in any command.


RELATED LINKS
    Online Version https://learn.microsoft.com/powershell/module/microsoft.powershell.utility/write-verb
    ose?view=powershell-7.5&WT.mc_id=ps-gethelp
    about_Output_Streams ../Microsoft.PowerShell.Core/About/about_Output_Streams.md
    about_Redirection ../Microsoft.PowerShell.Core/About/about_Redirection.md
    Write-Debug Write-Debug.md
    Write-Error Write-Error.md
    Write-Host Write-Host.md
    Write-Information Write-Information.md
    Write-Output Write-Output.md
    Write-Progress Write-Progress.md
    Write-Warning Write-Warning.md

REMARKS
    To see the examples, type: "Get-Help Write-Verbose -Examples"
    For more information, type: "Get-Help Write-Verbose -Detailed"
    For technical information, type: "Get-Help Write-Verbose -Full"
    For online help, type: "Get-Help Write-Verbose -Online"

PS>CommandInvocation(Get-Command): "Get-Command"
>> ParameterBinding(Get-Command): name="ListImported"; value="True"
>> ParameterBinding(Get-Command): name="CommandType"; value="Alias"

CommandType     Name                                               Version    Source
-----------     ----                                               -------    ------
Alias           % -> ForEach-Object
Alias           ? -> Where-Object
Alias           ac -> Add-Content
Alias           Add-AzAccount -> Connect-AzAccount                 5.5.2      Az.Accounts
Alias           cat -> Get-Content
Alias           cd -> Set-Location
Alias           chdir -> Set-Location
Alias           clc -> Clear-Content
Alias           clear -> Clear-Host
Alias           clhy -> Clear-History
Alias           cli -> Clear-Item
Alias           clp -> Clear-ItemProperty
Alias           cls -> Clear-Host
Alias           clv -> Clear-Variable
Alias           cnsn -> Connect-PSSession
Alias           compare -> Compare-Object
Alias           copy -> Copy-Item
Alias           cp -> Copy-Item
Alias           cpi -> Copy-Item
Alias           cpp -> Copy-ItemProperty
Alias           cvpa -> Convert-Path
Alias           dbp -> Disable-PSBreakpoint
Alias           del -> Remove-Item
Alias           diff -> Compare-Object
Alias           dir -> Get-ChildItem
Alias           dnsn -> Disconnect-PSSession
Alias           ebp -> Enable-PSBreakpoint
Alias           echo -> Write-Output
Alias           epal -> Export-Alias
Alias           epcsv -> Export-Csv
Alias           erase -> Remove-Item
Alias           etsn -> Enter-PSSession
Alias           exsn -> Exit-PSSession
Alias           fc -> Format-Custom
Alias           fhx -> Format-Hex                                  7.0.0.0    Microsoft.PowerShell.Util…
Alias           fl -> Format-List
Alias           foreach -> ForEach-Object
Alias           ft -> Format-Table
Alias           fw -> Format-Wide
Alias           gal -> Get-Alias
Alias           gbp -> Get-PSBreakpoint
Alias           gc -> Get-Content
Alias           gcb -> Get-Clipboard                               7.0.0.0    Microsoft.PowerShell.Mana…
Alias           gci -> Get-ChildItem
Alias           gcm -> Get-Command
Alias           gcs -> Get-PSCallStack
Alias           gdr -> Get-PSDrive
Alias           gerr -> Get-Error
Alias           Get-AzADServicePrincipalCredential -> Get-AzADSpC… 10.1.0     Az.Resources
Alias           Get-AzDomain -> Get-AzTenant                       5.5.2      Az.Accounts
Alias           Get-AzResourceProviderAction -> Get-AzProviderOpe… 10.1.0     Az.Resources
Alias           Get-AzSubscriptionDeployment -> Get-AzDeployment   10.1.0     Az.Resources
Alias           Get-AzSubscriptionDeploymentOperation -> Get-AzDe… 10.1.0     Az.Resources
Alias           Get-AzSubscriptionDeploymentWhatIfResult -> Get-A… 10.1.0     Az.Resources
Alias           ghy -> Get-History
Alias           gi -> Get-Item
Alias           gin -> Get-ComputerInfo                            7.0.0.0    Microsoft.PowerShell.Mana…
Alias           gjb -> Get-Job
Alias           gl -> Get-Location
Alias           gm -> Get-Member
Alias           gmo -> Get-Module
Alias           gp -> Get-ItemProperty
Alias           gps -> Get-Process
Alias           gpv -> Get-ItemPropertyValue
Alias           group -> Group-Object
Alias           gsn -> Get-PSSession
Alias           gsv -> Get-Service
Alias           gtz -> Get-TimeZone                                7.0.0.0    Microsoft.PowerShell.Mana…
Alias           gu -> Get-Unique
Alias           gv -> Get-Variable
Alias           h -> Get-History
Alias           history -> Get-History
Alias           icm -> Invoke-Command
Alias           iex -> Invoke-Expression
Alias           ihy -> Invoke-History
Alias           ii -> Invoke-Item
Alias           Invoke-AzRest -> Invoke-AzRestMethod               5.5.2      Az.Accounts
Alias           ipal -> Import-Alias
Alias           ipcsv -> Import-Csv
Alias           ipmo -> Import-Module
Alias           irm -> Invoke-RestMethod
Alias           iwr -> Invoke-WebRequest
Alias           kill -> Stop-Process
Alias           Login-AzAccount -> Connect-AzAccount               5.5.2      Az.Accounts
Alias           Logout-AzAccount -> Disconnect-AzAccount           5.5.2      Az.Accounts
Alias           ls -> Get-ChildItem
Alias           man -> help
Alias           md -> mkdir
Alias           measure -> Measure-Object
Alias           mi -> Move-Item
Alias           mount -> New-PSDrive
Alias           move -> Move-Item
Alias           mp -> Move-ItemProperty
Alias           mv -> Move-Item
Alias           nal -> New-Alias
Alias           ndr -> New-PSDrive
Alias           New-AzADServicePrincipalCredential -> New-AzADSpC… 10.1.0     Az.Resources
Alias           New-AzSubscriptionDeployment -> New-AzDeployment   10.1.0     Az.Resources
Alias           ni -> New-Item
Alias           nmo -> New-Module
Alias           nsn -> New-PSSession
Alias           nv -> New-Variable
Alias           ogv -> Out-GridView
Alias           oh -> Out-Host
Alias           popd -> Pop-Location
Alias           ps -> Get-Process
Alias           psedit -> Open-EditorFile                          0.2.0      PowerShellEditorServices.…
Alias           pushd -> Push-Location
Alias           pwd -> Get-Location
Alias           r -> Invoke-History
Alias           rbp -> Remove-PSBreakpoint
Alias           rcjb -> Receive-Job
Alias           rcsn -> Receive-PSSession
Alias           rd -> Remove-Item
Alias           rdr -> Remove-PSDrive
Alias           Remove-AzAccount -> Disconnect-AzAccount           5.5.2      Az.Accounts
Alias           Remove-AzADServicePrincipalCredential -> Remove-A… 10.1.0     Az.Resources
Alias           Remove-AzSubscriptionDeployment -> Remove-AzDeplo… 10.1.0     Az.Resources
Alias           ren -> Rename-Item
Alias           ri -> Remove-Item
Alias           rjb -> Remove-Job
Alias           rm -> Remove-Item
Alias           rmdir -> Remove-Item
Alias           rmo -> Remove-Module
Alias           rni -> Rename-Item
Alias           rnp -> Rename-ItemProperty
Alias           rp -> Remove-ItemProperty
Alias           rsn -> Remove-PSSession
Alias           rv -> Remove-Variable
Alias           rvpa -> Resolve-Path
Alias           sajb -> Start-Job
Alias           sal -> Set-Alias
Alias           saps -> Start-Process
Alias           sasv -> Start-Service
Alias           Save-AzProfile -> Save-AzContext                   5.5.2      Az.Accounts
Alias           Save-AzSubscriptionDeploymentTemplate -> Save-AzD… 10.1.0     Az.Resources
Alias           sbp -> Set-PSBreakpoint
Alias           scb -> Set-Clipboard                               7.0.0.0    Microsoft.PowerShell.Mana…
Alias           select -> Select-Object
Alias           Select-AzSubscription -> Set-AzContext             5.5.2      Az.Accounts
Alias           set -> Set-Variable
Alias           Set-AzADApplication -> Update-AzADApplication      10.1.0     Az.Resources
Alias           Set-AzADServicePrincipal -> Update-AzADServicePri… 10.1.0     Az.Resources
Alias           Set-AzADUser -> Update-AzADUser                    10.1.0     Az.Resources
Alias           Set-AzConfig -> Update-AzConfig                    5.5.2      Az.Accounts
Alias           Set-AzPolicyAssignment -> Update-AzPolicyAssignme… 10.1.0     Az.Resources
Alias           Set-AzPolicyDefinition -> Update-AzPolicyDefiniti… 10.1.0     Az.Resources
Alias           Set-AzPolicyExemption -> Update-AzPolicyExemption  10.1.0     Az.Resources
Alias           Set-AzPolicySetDefinition -> Update-AzPolicySetDe… 10.1.0     Az.Resources
Alias           shcm -> Show-Command
Alias           si -> Set-Item
Alias           sl -> Set-Location
Alias           sleep -> Start-Sleep
Alias           sls -> Select-String
Alias           sort -> Sort-Object
Alias           sp -> Set-ItemProperty
Alias           spjb -> Stop-Job
Alias           spps -> Stop-Process
Alias           spsv -> Stop-Service
Alias           start -> Start-Process
Alias           Stop-AzSubscriptionDeployment -> Stop-AzDeployment 10.1.0     Az.Resources
Alias           stz -> Set-TimeZone                                7.0.0.0    Microsoft.PowerShell.Mana…
Alias           sv -> Set-Variable
Alias           tee -> Tee-Object
Alias           Test-AzSubscriptionDeployment -> Test-AzDeployment 10.1.0     Az.Resources
Alias           type -> Get-Content
Alias           where -> Where-Object
Alias           wjb -> Wait-Job
Alias           write -> Write-Output

PS>CommandInvocation(Get-Command): "Get-Command"
>> ParameterBinding(Get-Command): name="ErrorAction"; value="Ignore"
>> ParameterBinding(Get-Command): name="Name"; value="Process"
PS>CommandInvocation(Get-Command): "Get-Command"
>> ParameterBinding(Get-Command): name="ErrorAction"; value="Ignore"
>> ParameterBinding(Get-Command): name="Name"; value="Process"
PS>CommandInvocation(Get-Command): "Get-Command"
>> ParameterBinding(Get-Command): name="ErrorAction"; value="Ignore"
>> ParameterBinding(Get-Command): name="Name"; value="Process"
PS>CommandInvocation(Get-Command): "Get-Command"
>> ParameterBinding(Get-Command): name="ErrorAction"; value="Ignore"
>> ParameterBinding(Get-Command): name="Name"; value="Process"
PS>CommandInvocation(Get-Command): "Get-Command"
>> ParameterBinding(Get-Command): name="ErrorAction"; value="Ignore"
>> ParameterBinding(Get-Command): name="Name"; value="Process"
PS>CommandInvocation(Get-Command): "Get-Command"
>> ParameterBinding(Get-Command): name="ErrorAction"; value="Ignore"
>> ParameterBinding(Get-Command): name="Name"; value="Process"
PS>CommandInvocation(Get-Command): "Get-Command"
>> ParameterBinding(Get-Command): name="ErrorAction"; value="Ignore"
>> ParameterBinding(Get-Command): name="Name"; value="Process"
PS>CommandInvocation(Get-Command): "Get-Command"
>> ParameterBinding(Get-Command): name="ErrorAction"; value="Ignore"
>> ParameterBinding(Get-Command): name="Name"; value="Process"
PS>CommandInvocation(Get-Command): "Get-Command"
>> ParameterBinding(Get-Command): name="ListImported"; value="True"
>> ParameterBinding(Get-Command): name="CommandType"; value="Alias"

CommandType     Name                                               Version    Source
-----------     ----                                               -------    ------
Alias           % -> ForEach-Object
Alias           ? -> Where-Object
Alias           ac -> Add-Content
Alias           Add-AzAccount -> Connect-AzAccount                 5.5.2      Az.Accounts
Alias           cat -> Get-Content
Alias           cd -> Set-Location
Alias           chdir -> Set-Location
Alias           clc -> Clear-Content
Alias           clear -> Clear-Host
Alias           clhy -> Clear-History
Alias           cli -> Clear-Item
Alias           clp -> Clear-ItemProperty
Alias           cls -> Clear-Host
Alias           clv -> Clear-Variable
Alias           cnsn -> Connect-PSSession
Alias           compare -> Compare-Object
Alias           copy -> Copy-Item
Alias           cp -> Copy-Item
Alias           cpi -> Copy-Item
Alias           cpp -> Copy-ItemProperty
Alias           cvpa -> Convert-Path
Alias           dbp -> Disable-PSBreakpoint
Alias           del -> Remove-Item
Alias           diff -> Compare-Object
Alias           dir -> Get-ChildItem
Alias           dnsn -> Disconnect-PSSession
Alias           ebp -> Enable-PSBreakpoint
Alias           echo -> Write-Output
Alias           epal -> Export-Alias
Alias           epcsv -> Export-Csv
Alias           erase -> Remove-Item
Alias           etsn -> Enter-PSSession
Alias           exsn -> Exit-PSSession
Alias           fc -> Format-Custom
Alias           fhx -> Format-Hex                                  7.0.0.0    Microsoft.PowerShell.Util…
Alias           fl -> Format-List
Alias           foreach -> ForEach-Object
Alias           ft -> Format-Table
Alias           fw -> Format-Wide
Alias           gal -> Get-Alias
Alias           gbp -> Get-PSBreakpoint
Alias           gc -> Get-Content
Alias           gcb -> Get-Clipboard                               7.0.0.0    Microsoft.PowerShell.Mana…
Alias           gci -> Get-ChildItem
Alias           gcm -> Get-Command
Alias           gcs -> Get-PSCallStack
Alias           gdr -> Get-PSDrive
Alias           gerr -> Get-Error
Alias           Get-AzADServicePrincipalCredential -> Get-AzADSpC… 10.1.0     Az.Resources
Alias           Get-AzDomain -> Get-AzTenant                       5.5.2      Az.Accounts
Alias           Get-AzResourceProviderAction -> Get-AzProviderOpe… 10.1.0     Az.Resources
Alias           Get-AzSubscriptionDeployment -> Get-AzDeployment   10.1.0     Az.Resources
Alias           Get-AzSubscriptionDeploymentOperation -> Get-AzDe… 10.1.0     Az.Resources
Alias           Get-AzSubscriptionDeploymentWhatIfResult -> Get-A… 10.1.0     Az.Resources
Alias           ghy -> Get-History
Alias           gi -> Get-Item
Alias           gin -> Get-ComputerInfo                            7.0.0.0    Microsoft.PowerShell.Mana…
Alias           gjb -> Get-Job
Alias           gl -> Get-Location
Alias           gm -> Get-Member
Alias           gmo -> Get-Module
Alias           gp -> Get-ItemProperty
Alias           gps -> Get-Process
Alias           gpv -> Get-ItemPropertyValue
Alias           group -> Group-Object
Alias           gsn -> Get-PSSession
Alias           gsv -> Get-Service
Alias           gtz -> Get-TimeZone                                7.0.0.0    Microsoft.PowerShell.Mana…
Alias           gu -> Get-Unique
Alias           gv -> Get-Variable
Alias           h -> Get-History
Alias           history -> Get-History
Alias           icm -> Invoke-Command
Alias           iex -> Invoke-Expression
Alias           ihy -> Invoke-History
Alias           ii -> Invoke-Item
Alias           Invoke-AzRest -> Invoke-AzRestMethod               5.5.2      Az.Accounts
Alias           ipal -> Import-Alias
Alias           ipcsv -> Import-Csv
Alias           ipmo -> Import-Module
Alias           irm -> Invoke-RestMethod
Alias           iwr -> Invoke-WebRequest
Alias           kill -> Stop-Process
Alias           Login-AzAccount -> Connect-AzAccount               5.5.2      Az.Accounts
Alias           Logout-AzAccount -> Disconnect-AzAccount           5.5.2      Az.Accounts
Alias           ls -> Get-ChildItem
Alias           man -> help
Alias           md -> mkdir
Alias           measure -> Measure-Object
Alias           mi -> Move-Item
Alias           mount -> New-PSDrive
Alias           move -> Move-Item
Alias           mp -> Move-ItemProperty
Alias           mv -> Move-Item
Alias           nal -> New-Alias
Alias           ndr -> New-PSDrive
Alias           New-AzADServicePrincipalCredential -> New-AzADSpC… 10.1.0     Az.Resources
Alias           New-AzSubscriptionDeployment -> New-AzDeployment   10.1.0     Az.Resources
Alias           ni -> New-Item
Alias           nmo -> New-Module
Alias           nsn -> New-PSSession
Alias           nv -> New-Variable
Alias           ogv -> Out-GridView
Alias           oh -> Out-Host
Alias           popd -> Pop-Location
Alias           ps -> Get-Process
Alias           psedit -> Open-EditorFile                          0.2.0      PowerShellEditorServices.…
Alias           pushd -> Push-Location
Alias           pwd -> Get-Location
Alias           r -> Invoke-History
Alias           rbp -> Remove-PSBreakpoint
Alias           rcjb -> Receive-Job
Alias           rcsn -> Receive-PSSession
Alias           rd -> Remove-Item
Alias           rdr -> Remove-PSDrive
Alias           Remove-AzAccount -> Disconnect-AzAccount           5.5.2      Az.Accounts
Alias           Remove-AzADServicePrincipalCredential -> Remove-A… 10.1.0     Az.Resources
Alias           Remove-AzSubscriptionDeployment -> Remove-AzDeplo… 10.1.0     Az.Resources
Alias           ren -> Rename-Item
Alias           ri -> Remove-Item
Alias           rjb -> Remove-Job
Alias           rm -> Remove-Item
Alias           rmdir -> Remove-Item
Alias           rmo -> Remove-Module
Alias           rni -> Rename-Item
Alias           rnp -> Rename-ItemProperty
Alias           rp -> Remove-ItemProperty
Alias           rsn -> Remove-PSSession
Alias           rv -> Remove-Variable
Alias           rvpa -> Resolve-Path
Alias           sajb -> Start-Job
Alias           sal -> Set-Alias
Alias           saps -> Start-Process
Alias           sasv -> Start-Service
Alias           Save-AzProfile -> Save-AzContext                   5.5.2      Az.Accounts
Alias           Save-AzSubscriptionDeploymentTemplate -> Save-AzD… 10.1.0     Az.Resources
Alias           sbp -> Set-PSBreakpoint
Alias           scb -> Set-Clipboard                               7.0.0.0    Microsoft.PowerShell.Mana…
Alias           select -> Select-Object
Alias           Select-AzSubscription -> Set-AzContext             5.5.2      Az.Accounts
Alias           set -> Set-Variable
Alias           Set-AzADApplication -> Update-AzADApplication      10.1.0     Az.Resources
Alias           Set-AzADServicePrincipal -> Update-AzADServicePri… 10.1.0     Az.Resources
Alias           Set-AzADUser -> Update-AzADUser                    10.1.0     Az.Resources
Alias           Set-AzConfig -> Update-AzConfig                    5.5.2      Az.Accounts
Alias           Set-AzPolicyAssignment -> Update-AzPolicyAssignme… 10.1.0     Az.Resources
Alias           Set-AzPolicyDefinition -> Update-AzPolicyDefiniti… 10.1.0     Az.Resources
Alias           Set-AzPolicyExemption -> Update-AzPolicyExemption  10.1.0     Az.Resources
Alias           Set-AzPolicySetDefinition -> Update-AzPolicySetDe… 10.1.0     Az.Resources
Alias           shcm -> Show-Command
Alias           si -> Set-Item
Alias           sl -> Set-Location
Alias           sleep -> Start-Sleep
Alias           sls -> Select-String
Alias           sort -> Sort-Object
Alias           sp -> Set-ItemProperty
Alias           spjb -> Stop-Job
Alias           spps -> Stop-Process
Alias           spsv -> Stop-Service
Alias           start -> Start-Process
Alias           Stop-AzSubscriptionDeployment -> Stop-AzDeployment 10.1.0     Az.Resources
Alias           stz -> Set-TimeZone                                7.0.0.0    Microsoft.PowerShell.Mana…
Alias           sv -> Set-Variable
Alias           tee -> Tee-Object
Alias           Test-AzSubscriptionDeployment -> Test-AzDeployment 10.1.0     Az.Resources
Alias           type -> Get-Content
Alias           where -> Where-Object
Alias           wjb -> Wait-Job
Alias           write -> Write-Output

PS>CommandInvocation(Get-Command): "Get-Command"
>> ParameterBinding(Get-Command): name="ListImported"; value="True"
>> ParameterBinding(Get-Command): name="CommandType"; value="Alias"

CommandType     Name                                               Version    Source
-----------     ----                                               -------    ------
Alias           % -> ForEach-Object
Alias           ? -> Where-Object
Alias           ac -> Add-Content
Alias           Add-AzAccount -> Connect-AzAccount                 5.5.2      Az.Accounts
Alias           cat -> Get-Content
Alias           cd -> Set-Location
Alias           chdir -> Set-Location
Alias           clc -> Clear-Content
Alias           clear -> Clear-Host
Alias           clhy -> Clear-History
Alias           cli -> Clear-Item
Alias           clp -> Clear-ItemProperty
Alias           cls -> Clear-Host
Alias           clv -> Clear-Variable
Alias           cnsn -> Connect-PSSession
Alias           compare -> Compare-Object
Alias           copy -> Copy-Item
Alias           cp -> Copy-Item
Alias           cpi -> Copy-Item
Alias           cpp -> Copy-ItemProperty
Alias           cvpa -> Convert-Path
Alias           dbp -> Disable-PSBreakpoint
Alias           del -> Remove-Item
Alias           diff -> Compare-Object
Alias           dir -> Get-ChildItem
Alias           dnsn -> Disconnect-PSSession
Alias           ebp -> Enable-PSBreakpoint
Alias           echo -> Write-Output
Alias           epal -> Export-Alias
Alias           epcsv -> Export-Csv
Alias           erase -> Remove-Item
Alias           etsn -> Enter-PSSession
Alias           exsn -> Exit-PSSession
Alias           fc -> Format-Custom
Alias           fhx -> Format-Hex                                  7.0.0.0    Microsoft.PowerShell.Util…
Alias           fl -> Format-List
Alias           foreach -> ForEach-Object
Alias           ft -> Format-Table
Alias           fw -> Format-Wide
Alias           gal -> Get-Alias
Alias           gbp -> Get-PSBreakpoint
Alias           gc -> Get-Content
Alias           gcb -> Get-Clipboard                               7.0.0.0    Microsoft.PowerShell.Mana…
Alias           gci -> Get-ChildItem
Alias           gcm -> Get-Command
Alias           gcs -> Get-PSCallStack
Alias           gdr -> Get-PSDrive
Alias           gerr -> Get-Error
Alias           Get-AzADServicePrincipalCredential -> Get-AzADSpC… 10.1.0     Az.Resources
Alias           Get-AzDomain -> Get-AzTenant                       5.5.2      Az.Accounts
Alias           Get-AzResourceProviderAction -> Get-AzProviderOpe… 10.1.0     Az.Resources
Alias           Get-AzSubscriptionDeployment -> Get-AzDeployment   10.1.0     Az.Resources
Alias           Get-AzSubscriptionDeploymentOperation -> Get-AzDe… 10.1.0     Az.Resources
Alias           Get-AzSubscriptionDeploymentWhatIfResult -> Get-A… 10.1.0     Az.Resources
Alias           ghy -> Get-History
Alias           gi -> Get-Item
Alias           gin -> Get-ComputerInfo                            7.0.0.0    Microsoft.PowerShell.Mana…
Alias           gjb -> Get-Job
Alias           gl -> Get-Location
Alias           gm -> Get-Member
Alias           gmo -> Get-Module
Alias           gp -> Get-ItemProperty
Alias           gps -> Get-Process
Alias           gpv -> Get-ItemPropertyValue
Alias           group -> Group-Object
Alias           gsn -> Get-PSSession
Alias           gsv -> Get-Service
Alias           gtz -> Get-TimeZone                                7.0.0.0    Microsoft.PowerShell.Mana…
Alias           gu -> Get-Unique
Alias           gv -> Get-Variable
Alias           h -> Get-History
Alias           history -> Get-History
Alias           icm -> Invoke-Command
Alias           iex -> Invoke-Expression
Alias           ihy -> Invoke-History
Alias           ii -> Invoke-Item
Alias           Invoke-AzRest -> Invoke-AzRestMethod               5.5.2      Az.Accounts
Alias           ipal -> Import-Alias
Alias           ipcsv -> Import-Csv
Alias           ipmo -> Import-Module
Alias           irm -> Invoke-RestMethod
Alias           iwr -> Invoke-WebRequest
Alias           kill -> Stop-Process
Alias           Login-AzAccount -> Connect-AzAccount               5.5.2      Az.Accounts
Alias           Logout-AzAccount -> Disconnect-AzAccount           5.5.2      Az.Accounts
Alias           ls -> Get-ChildItem
Alias           man -> help
Alias           md -> mkdir
Alias           measure -> Measure-Object
Alias           mi -> Move-Item
Alias           mount -> New-PSDrive
Alias           move -> Move-Item
Alias           mp -> Move-ItemProperty
Alias           mv -> Move-Item
Alias           nal -> New-Alias
Alias           ndr -> New-PSDrive
Alias           New-AzADServicePrincipalCredential -> New-AzADSpC… 10.1.0     Az.Resources
Alias           New-AzSubscriptionDeployment -> New-AzDeployment   10.1.0     Az.Resources
Alias           ni -> New-Item
Alias           nmo -> New-Module
Alias           nsn -> New-PSSession
Alias           nv -> New-Variable
Alias           ogv -> Out-GridView
Alias           oh -> Out-Host
Alias           popd -> Pop-Location
Alias           ps -> Get-Process
Alias           psedit -> Open-EditorFile                          0.2.0      PowerShellEditorServices.…
Alias           pushd -> Push-Location
Alias           pwd -> Get-Location
Alias           r -> Invoke-History
Alias           rbp -> Remove-PSBreakpoint
Alias           rcjb -> Receive-Job
Alias           rcsn -> Receive-PSSession
Alias           rd -> Remove-Item
Alias           rdr -> Remove-PSDrive
Alias           Remove-AzAccount -> Disconnect-AzAccount           5.5.2      Az.Accounts
Alias           Remove-AzADServicePrincipalCredential -> Remove-A… 10.1.0     Az.Resources
Alias           Remove-AzSubscriptionDeployment -> Remove-AzDeplo… 10.1.0     Az.Resources
Alias           ren -> Rename-Item
Alias           ri -> Remove-Item
Alias           rjb -> Remove-Job
Alias           rm -> Remove-Item
Alias           rmdir -> Remove-Item
Alias           rmo -> Remove-Module
Alias           rni -> Rename-Item
Alias           rnp -> Rename-ItemProperty
Alias           rp -> Remove-ItemProperty
Alias           rsn -> Remove-PSSession
Alias           rv -> Remove-Variable
Alias           rvpa -> Resolve-Path
Alias           sajb -> Start-Job
Alias           sal -> Set-Alias
Alias           saps -> Start-Process
Alias           sasv -> Start-Service
Alias           Save-AzProfile -> Save-AzContext                   5.5.2      Az.Accounts
Alias           Save-AzSubscriptionDeploymentTemplate -> Save-AzD… 10.1.0     Az.Resources
Alias           sbp -> Set-PSBreakpoint
Alias           scb -> Set-Clipboard                               7.0.0.0    Microsoft.PowerShell.Mana…
Alias           select -> Select-Object
Alias           Select-AzSubscription -> Set-AzContext             5.5.2      Az.Accounts
Alias           set -> Set-Variable
Alias           Set-AzADApplication -> Update-AzADApplication      10.1.0     Az.Resources
Alias           Set-AzADServicePrincipal -> Update-AzADServicePri… 10.1.0     Az.Resources
Alias           Set-AzADUser -> Update-AzADUser                    10.1.0     Az.Resources
Alias           Set-AzConfig -> Update-AzConfig                    5.5.2      Az.Accounts
Alias           Set-AzPolicyAssignment -> Update-AzPolicyAssignme… 10.1.0     Az.Resources
Alias           Set-AzPolicyDefinition -> Update-AzPolicyDefiniti… 10.1.0     Az.Resources
Alias           Set-AzPolicyExemption -> Update-AzPolicyExemption  10.1.0     Az.Resources
Alias           Set-AzPolicySetDefinition -> Update-AzPolicySetDe… 10.1.0     Az.Resources
Alias           shcm -> Show-Command
Alias           si -> Set-Item
Alias           sl -> Set-Location
Alias           sleep -> Start-Sleep
Alias           sls -> Select-String
Alias           sort -> Sort-Object
Alias           sp -> Set-ItemProperty
Alias           spjb -> Stop-Job
Alias           spps -> Stop-Process
Alias           spsv -> Stop-Service
Alias           start -> Start-Process
Alias           Stop-AzSubscriptionDeployment -> Stop-AzDeployment 10.1.0     Az.Resources
Alias           stz -> Set-TimeZone                                7.0.0.0    Microsoft.PowerShell.Mana…
Alias           sv -> Set-Variable
Alias           tee -> Tee-Object
Alias           Test-AzSubscriptionDeployment -> Test-AzDeployment 10.1.0     Az.Resources
Alias           type -> Get-Content
Alias           where -> Where-Object
Alias           wjb -> Wait-Job
Alias           write -> Write-Output

PS>CommandInvocation(Get-Command): "Get-Command"
>> ParameterBinding(Get-Command): name="ListImported"; value="True"
>> ParameterBinding(Get-Command): name="CommandType"; value="Alias"

CommandType     Name                                               Version    Source
-----------     ----                                               -------    ------
Alias           % -> ForEach-Object
Alias           ? -> Where-Object
Alias           ac -> Add-Content
Alias           Add-AzAccount -> Connect-AzAccount                 5.5.2      Az.Accounts
Alias           cat -> Get-Content
Alias           cd -> Set-Location
Alias           chdir -> Set-Location
Alias           clc -> Clear-Content
Alias           clear -> Clear-Host
Alias           clhy -> Clear-History
Alias           cli -> Clear-Item
Alias           clp -> Clear-ItemProperty
Alias           cls -> Clear-Host
Alias           clv -> Clear-Variable
Alias           cnsn -> Connect-PSSession
Alias           compare -> Compare-Object
Alias           copy -> Copy-Item
Alias           cp -> Copy-Item
Alias           cpi -> Copy-Item
Alias           cpp -> Copy-ItemProperty
Alias           cvpa -> Convert-Path
Alias           dbp -> Disable-PSBreakpoint
Alias           del -> Remove-Item
Alias           diff -> Compare-Object
Alias           dir -> Get-ChildItem
Alias           dnsn -> Disconnect-PSSession
Alias           ebp -> Enable-PSBreakpoint
Alias           echo -> Write-Output
Alias           epal -> Export-Alias
Alias           epcsv -> Export-Csv
Alias           erase -> Remove-Item
Alias           etsn -> Enter-PSSession
Alias           exsn -> Exit-PSSession
Alias           fc -> Format-Custom
Alias           fhx -> Format-Hex                                  7.0.0.0    Microsoft.PowerShell.Util…
Alias           fl -> Format-List
Alias           foreach -> ForEach-Object
Alias           ft -> Format-Table
Alias           fw -> Format-Wide
Alias           gal -> Get-Alias
Alias           gbp -> Get-PSBreakpoint
Alias           gc -> Get-Content
Alias           gcb -> Get-Clipboard                               7.0.0.0    Microsoft.PowerShell.Mana…
Alias           gci -> Get-ChildItem
Alias           gcm -> Get-Command
Alias           gcs -> Get-PSCallStack
Alias           gdr -> Get-PSDrive
Alias           gerr -> Get-Error
Alias           Get-AzADServicePrincipalCredential -> Get-AzADSpC… 10.1.0     Az.Resources
Alias           Get-AzDomain -> Get-AzTenant                       5.5.2      Az.Accounts
Alias           Get-AzResourceProviderAction -> Get-AzProviderOpe… 10.1.0     Az.Resources
Alias           Get-AzSubscriptionDeployment -> Get-AzDeployment   10.1.0     Az.Resources
Alias           Get-AzSubscriptionDeploymentOperation -> Get-AzDe… 10.1.0     Az.Resources
Alias           Get-AzSubscriptionDeploymentWhatIfResult -> Get-A… 10.1.0     Az.Resources
Alias           ghy -> Get-History
Alias           gi -> Get-Item
Alias           gin -> Get-ComputerInfo                            7.0.0.0    Microsoft.PowerShell.Mana…
Alias           gjb -> Get-Job
Alias           gl -> Get-Location
Alias           gm -> Get-Member
Alias           gmo -> Get-Module
Alias           gp -> Get-ItemProperty
Alias           gps -> Get-Process
Alias           gpv -> Get-ItemPropertyValue
Alias           group -> Group-Object
Alias           gsn -> Get-PSSession
Alias           gsv -> Get-Service
Alias           gtz -> Get-TimeZone                                7.0.0.0    Microsoft.PowerShell.Mana…
Alias           gu -> Get-Unique
Alias           gv -> Get-Variable
Alias           h -> Get-History
Alias           history -> Get-History
Alias           icm -> Invoke-Command
Alias           iex -> Invoke-Expression
Alias           ihy -> Invoke-History
Alias           ii -> Invoke-Item
Alias           Invoke-AzRest -> Invoke-AzRestMethod               5.5.2      Az.Accounts
Alias           ipal -> Import-Alias
Alias           ipcsv -> Import-Csv
Alias           ipmo -> Import-Module
Alias           irm -> Invoke-RestMethod
Alias           iwr -> Invoke-WebRequest
Alias           kill -> Stop-Process
Alias           Login-AzAccount -> Connect-AzAccount               5.5.2      Az.Accounts
Alias           Logout-AzAccount -> Disconnect-AzAccount           5.5.2      Az.Accounts
Alias           ls -> Get-ChildItem
Alias           man -> help
Alias           md -> mkdir
Alias           measure -> Measure-Object
Alias           mi -> Move-Item
Alias           mount -> New-PSDrive
Alias           move -> Move-Item
Alias           mp -> Move-ItemProperty
Alias           mv -> Move-Item
Alias           nal -> New-Alias
Alias           ndr -> New-PSDrive
Alias           New-AzADServicePrincipalCredential -> New-AzADSpC… 10.1.0     Az.Resources
Alias           New-AzSubscriptionDeployment -> New-AzDeployment   10.1.0     Az.Resources
Alias           ni -> New-Item
Alias           nmo -> New-Module
Alias           nsn -> New-PSSession
Alias           nv -> New-Variable
Alias           ogv -> Out-GridView
Alias           oh -> Out-Host
Alias           popd -> Pop-Location
Alias           ps -> Get-Process
Alias           psedit -> Open-EditorFile                          0.2.0      PowerShellEditorServices.…
Alias           pushd -> Push-Location
Alias           pwd -> Get-Location
Alias           r -> Invoke-History
Alias           rbp -> Remove-PSBreakpoint
Alias           rcjb -> Receive-Job
Alias           rcsn -> Receive-PSSession
Alias           rd -> Remove-Item
Alias           rdr -> Remove-PSDrive
Alias           Remove-AzAccount -> Disconnect-AzAccount           5.5.2      Az.Accounts
Alias           Remove-AzADServicePrincipalCredential -> Remove-A… 10.1.0     Az.Resources
Alias           Remove-AzSubscriptionDeployment -> Remove-AzDeplo… 10.1.0     Az.Resources
Alias           ren -> Rename-Item
Alias           ri -> Remove-Item
Alias           rjb -> Remove-Job
Alias           rm -> Remove-Item
Alias           rmdir -> Remove-Item
Alias           rmo -> Remove-Module
Alias           rni -> Rename-Item
Alias           rnp -> Rename-ItemProperty
Alias           rp -> Remove-ItemProperty
Alias           rsn -> Remove-PSSession
Alias           rv -> Remove-Variable
Alias           rvpa -> Resolve-Path
Alias           sajb -> Start-Job
Alias           sal -> Set-Alias
Alias           saps -> Start-Process
Alias           sasv -> Start-Service
Alias           Save-AzProfile -> Save-AzContext                   5.5.2      Az.Accounts
Alias           Save-AzSubscriptionDeploymentTemplate -> Save-AzD… 10.1.0     Az.Resources
Alias           sbp -> Set-PSBreakpoint
Alias           scb -> Set-Clipboard                               7.0.0.0    Microsoft.PowerShell.Mana…
Alias           select -> Select-Object
Alias           Select-AzSubscription -> Set-AzContext             5.5.2      Az.Accounts
Alias           set -> Set-Variable
Alias           Set-AzADApplication -> Update-AzADApplication      10.1.0     Az.Resources
Alias           Set-AzADServicePrincipal -> Update-AzADServicePri… 10.1.0     Az.Resources
Alias           Set-AzADUser -> Update-AzADUser                    10.1.0     Az.Resources
Alias           Set-AzConfig -> Update-AzConfig                    5.5.2      Az.Accounts
Alias           Set-AzPolicyAssignment -> Update-AzPolicyAssignme… 10.1.0     Az.Resources
Alias           Set-AzPolicyDefinition -> Update-AzPolicyDefiniti… 10.1.0     Az.Resources
Alias           Set-AzPolicyExemption -> Update-AzPolicyExemption  10.1.0     Az.Resources
Alias           Set-AzPolicySetDefinition -> Update-AzPolicySetDe… 10.1.0     Az.Resources
Alias           shcm -> Show-Command
Alias           si -> Set-Item
Alias           sl -> Set-Location
Alias           sleep -> Start-Sleep
Alias           sls -> Select-String
Alias           sort -> Sort-Object
Alias           sp -> Set-ItemProperty
Alias           spjb -> Stop-Job
Alias           spps -> Stop-Process
Alias           spsv -> Stop-Service
Alias           start -> Start-Process
Alias           Stop-AzSubscriptionDeployment -> Stop-AzDeployment 10.1.0     Az.Resources
Alias           stz -> Set-TimeZone                                7.0.0.0    Microsoft.PowerShell.Mana…
Alias           sv -> Set-Variable
Alias           tee -> Tee-Object
Alias           Test-AzSubscriptionDeployment -> Test-AzDeployment 10.1.0     Az.Resources
Alias           type -> Get-Content
Alias           where -> Where-Object
Alias           wjb -> Wait-Job
Alias           write -> Write-Output

PS>CommandInvocation(Get-Command): "Get-Command"
>> ParameterBinding(Get-Command): name="ListImported"; value="True"
>> ParameterBinding(Get-Command): name="CommandType"; value="Alias"

CommandType     Name                                               Version    Source
-----------     ----                                               -------    ------
Alias           % -> ForEach-Object
Alias           ? -> Where-Object
Alias           ac -> Add-Content
Alias           Add-AzAccount -> Connect-AzAccount                 5.5.2      Az.Accounts
Alias           cat -> Get-Content
Alias           cd -> Set-Location
Alias           chdir -> Set-Location
Alias           clc -> Clear-Content
Alias           clear -> Clear-Host
Alias           clhy -> Clear-History
Alias           cli -> Clear-Item
Alias           clp -> Clear-ItemProperty
Alias           cls -> Clear-Host
Alias           clv -> Clear-Variable
Alias           cnsn -> Connect-PSSession
Alias           compare -> Compare-Object
Alias           copy -> Copy-Item
Alias           cp -> Copy-Item
Alias           cpi -> Copy-Item
Alias           cpp -> Copy-ItemProperty
Alias           cvpa -> Convert-Path
Alias           dbp -> Disable-PSBreakpoint
Alias           del -> Remove-Item
Alias           diff -> Compare-Object
Alias           dir -> Get-ChildItem
Alias           dnsn -> Disconnect-PSSession
Alias           ebp -> Enable-PSBreakpoint
Alias           echo -> Write-Output
Alias           epal -> Export-Alias
Alias           epcsv -> Export-Csv
Alias           erase -> Remove-Item
Alias           etsn -> Enter-PSSession
Alias           exsn -> Exit-PSSession
Alias           fc -> Format-Custom
Alias           fhx -> Format-Hex                                  7.0.0.0    Microsoft.PowerShell.Util…
Alias           fl -> Format-List
Alias           foreach -> ForEach-Object
Alias           ft -> Format-Table
Alias           fw -> Format-Wide
Alias           gal -> Get-Alias
Alias           gbp -> Get-PSBreakpoint
Alias           gc -> Get-Content
Alias           gcb -> Get-Clipboard                               7.0.0.0    Microsoft.PowerShell.Mana…
Alias           gci -> Get-ChildItem
Alias           gcm -> Get-Command
Alias           gcs -> Get-PSCallStack
Alias           gdr -> Get-PSDrive
Alias           gerr -> Get-Error
Alias           Get-AzADServicePrincipalCredential -> Get-AzADSpC… 10.1.0     Az.Resources
Alias           Get-AzDomain -> Get-AzTenant                       5.5.2      Az.Accounts
Alias           Get-AzResourceProviderAction -> Get-AzProviderOpe… 10.1.0     Az.Resources
Alias           Get-AzSubscriptionDeployment -> Get-AzDeployment   10.1.0     Az.Resources
Alias           Get-AzSubscriptionDeploymentOperation -> Get-AzDe… 10.1.0     Az.Resources
Alias           Get-AzSubscriptionDeploymentWhatIfResult -> Get-A… 10.1.0     Az.Resources
Alias           ghy -> Get-History
Alias           gi -> Get-Item
Alias           gin -> Get-ComputerInfo                            7.0.0.0    Microsoft.PowerShell.Mana…
Alias           gjb -> Get-Job
Alias           gl -> Get-Location
Alias           gm -> Get-Member
Alias           gmo -> Get-Module
Alias           gp -> Get-ItemProperty
Alias           gps -> Get-Process
Alias           gpv -> Get-ItemPropertyValue
Alias           group -> Group-Object
Alias           gsn -> Get-PSSession
Alias           gsv -> Get-Service
Alias           gtz -> Get-TimeZone                                7.0.0.0    Microsoft.PowerShell.Mana…
Alias           gu -> Get-Unique
Alias           gv -> Get-Variable
Alias           h -> Get-History
Alias           history -> Get-History
Alias           icm -> Invoke-Command
Alias           iex -> Invoke-Expression
Alias           ihy -> Invoke-History
Alias           ii -> Invoke-Item
Alias           Invoke-AzRest -> Invoke-AzRestMethod               5.5.2      Az.Accounts
Alias           ipal -> Import-Alias
Alias           ipcsv -> Import-Csv
Alias           ipmo -> Import-Module
Alias           irm -> Invoke-RestMethod
Alias           iwr -> Invoke-WebRequest
Alias           kill -> Stop-Process
Alias           Login-AzAccount -> Connect-AzAccount               5.5.2      Az.Accounts
Alias           Logout-AzAccount -> Disconnect-AzAccount           5.5.2      Az.Accounts
Alias           ls -> Get-ChildItem
Alias           man -> help
Alias           md -> mkdir
Alias           measure -> Measure-Object
Alias           mi -> Move-Item
Alias           mount -> New-PSDrive
Alias           move -> Move-Item
Alias           mp -> Move-ItemProperty
Alias           mv -> Move-Item
Alias           nal -> New-Alias
Alias           ndr -> New-PSDrive
Alias           New-AzADServicePrincipalCredential -> New-AzADSpC… 10.1.0     Az.Resources
Alias           New-AzSubscriptionDeployment -> New-AzDeployment   10.1.0     Az.Resources
Alias           ni -> New-Item
Alias           nmo -> New-Module
Alias           nsn -> New-PSSession
Alias           nv -> New-Variable
Alias           ogv -> Out-GridView
Alias           oh -> Out-Host
Alias           popd -> Pop-Location
Alias           ps -> Get-Process
Alias           psedit -> Open-EditorFile                          0.2.0      PowerShellEditorServices.…
Alias           pushd -> Push-Location
Alias           pwd -> Get-Location
Alias           r -> Invoke-History
Alias           rbp -> Remove-PSBreakpoint
Alias           rcjb -> Receive-Job
Alias           rcsn -> Receive-PSSession
Alias           rd -> Remove-Item
Alias           rdr -> Remove-PSDrive
Alias           Remove-AzAccount -> Disconnect-AzAccount           5.5.2      Az.Accounts
Alias           Remove-AzADServicePrincipalCredential -> Remove-A… 10.1.0     Az.Resources
Alias           Remove-AzSubscriptionDeployment -> Remove-AzDeplo… 10.1.0     Az.Resources
Alias           ren -> Rename-Item
Alias           ri -> Remove-Item
Alias           rjb -> Remove-Job
Alias           rm -> Remove-Item
Alias           rmdir -> Remove-Item
Alias           rmo -> Remove-Module
Alias           rni -> Rename-Item
Alias           rnp -> Rename-ItemProperty
Alias           rp -> Remove-ItemProperty
Alias           rsn -> Remove-PSSession
Alias           rv -> Remove-Variable
Alias           rvpa -> Resolve-Path
Alias           sajb -> Start-Job
Alias           sal -> Set-Alias
Alias           saps -> Start-Process
Alias           sasv -> Start-Service
Alias           Save-AzProfile -> Save-AzContext                   5.5.2      Az.Accounts
Alias           Save-AzSubscriptionDeploymentTemplate -> Save-AzD… 10.1.0     Az.Resources
Alias           sbp -> Set-PSBreakpoint
Alias           scb -> Set-Clipboard                               7.0.0.0    Microsoft.PowerShell.Mana…
Alias           select -> Select-Object
Alias           Select-AzSubscription -> Set-AzContext             5.5.2      Az.Accounts
Alias           set -> Set-Variable
Alias           Set-AzADApplication -> Update-AzADApplication      10.1.0     Az.Resources
Alias           Set-AzADServicePrincipal -> Update-AzADServicePri… 10.1.0     Az.Resources
Alias           Set-AzADUser -> Update-AzADUser                    10.1.0     Az.Resources
Alias           Set-AzConfig -> Update-AzConfig                    5.5.2      Az.Accounts
Alias           Set-AzPolicyAssignment -> Update-AzPolicyAssignme… 10.1.0     Az.Resources
Alias           Set-AzPolicyDefinition -> Update-AzPolicyDefiniti… 10.1.0     Az.Resources
Alias           Set-AzPolicyExemption -> Update-AzPolicyExemption  10.1.0     Az.Resources
Alias           Set-AzPolicySetDefinition -> Update-AzPolicySetDe… 10.1.0     Az.Resources
Alias           shcm -> Show-Command
Alias           si -> Set-Item
Alias           sl -> Set-Location
Alias           sleep -> Start-Sleep
Alias           sls -> Select-String
Alias           sort -> Sort-Object
Alias           sp -> Set-ItemProperty
Alias           spjb -> Stop-Job
Alias           spps -> Stop-Process
Alias           spsv -> Stop-Service
Alias           start -> Start-Process
Alias           Stop-AzSubscriptionDeployment -> Stop-AzDeployment 10.1.0     Az.Resources
Alias           stz -> Set-TimeZone                                7.0.0.0    Microsoft.PowerShell.Mana…
Alias           sv -> Set-Variable
Alias           tee -> Tee-Object
Alias           Test-AzSubscriptionDeployment -> Test-AzDeployment 10.1.0     Az.Resources
Alias           type -> Get-Content
Alias           where -> Where-Object
Alias           wjb -> Wait-Job
Alias           write -> Write-Output

PS>CommandInvocation(Get-Command): "Get-Command"
>> ParameterBinding(Get-Command): name="ErrorAction"; value="Ignore"
>> ParameterBinding(Get-Command): name="Name"; value="create-resourcegroup.ps1"
PS>CommandInvocation(Get-Command): "Get-Command"
>> ParameterBinding(Get-Command): name="ListImported"; value="True"
>> ParameterBinding(Get-Command): name="CommandType"; value="Alias"

CommandType     Name                                               Version    Source
-----------     ----                                               -------    ------
Alias           % -> ForEach-Object
Alias           ? -> Where-Object
Alias           ac -> Add-Content
Alias           Add-AzAccount -> Connect-AzAccount                 5.5.2      Az.Accounts
Alias           cat -> Get-Content
Alias           cd -> Set-Location
Alias           chdir -> Set-Location
Alias           clc -> Clear-Content
Alias           clear -> Clear-Host
Alias           clhy -> Clear-History
Alias           cli -> Clear-Item
Alias           clp -> Clear-ItemProperty
Alias           cls -> Clear-Host
Alias           clv -> Clear-Variable
Alias           cnsn -> Connect-PSSession
Alias           compare -> Compare-Object
Alias           copy -> Copy-Item
Alias           cp -> Copy-Item
Alias           cpi -> Copy-Item
Alias           cpp -> Copy-ItemProperty
Alias           cvpa -> Convert-Path
Alias           dbp -> Disable-PSBreakpoint
Alias           del -> Remove-Item
Alias           diff -> Compare-Object
Alias           dir -> Get-ChildItem
Alias           dnsn -> Disconnect-PSSession
Alias           ebp -> Enable-PSBreakpoint
Alias           echo -> Write-Output
Alias           epal -> Export-Alias
Alias           epcsv -> Export-Csv
Alias           erase -> Remove-Item
Alias           etsn -> Enter-PSSession
Alias           exsn -> Exit-PSSession
Alias           fc -> Format-Custom
Alias           fhx -> Format-Hex                                  7.0.0.0    Microsoft.PowerShell.Util…
Alias           fl -> Format-List
Alias           foreach -> ForEach-Object
Alias           ft -> Format-Table
Alias           fw -> Format-Wide
Alias           gal -> Get-Alias
Alias           gbp -> Get-PSBreakpoint
Alias           gc -> Get-Content
Alias           gcb -> Get-Clipboard                               7.0.0.0    Microsoft.PowerShell.Mana…
Alias           gci -> Get-ChildItem
Alias           gcm -> Get-Command
Alias           gcs -> Get-PSCallStack
Alias           gdr -> Get-PSDrive
Alias           gerr -> Get-Error
Alias           Get-AzADServicePrincipalCredential -> Get-AzADSpC… 10.1.0     Az.Resources
Alias           Get-AzDomain -> Get-AzTenant                       5.5.2      Az.Accounts
Alias           Get-AzResourceProviderAction -> Get-AzProviderOpe… 10.1.0     Az.Resources
Alias           Get-AzSubscriptionDeployment -> Get-AzDeployment   10.1.0     Az.Resources
Alias           Get-AzSubscriptionDeploymentOperation -> Get-AzDe… 10.1.0     Az.Resources
Alias           Get-AzSubscriptionDeploymentWhatIfResult -> Get-A… 10.1.0     Az.Resources
Alias           ghy -> Get-History
Alias           gi -> Get-Item
Alias           gin -> Get-ComputerInfo                            7.0.0.0    Microsoft.PowerShell.Mana…
Alias           gjb -> Get-Job
Alias           gl -> Get-Location
Alias           gm -> Get-Member
Alias           gmo -> Get-Module
Alias           gp -> Get-ItemProperty
Alias           gps -> Get-Process
Alias           gpv -> Get-ItemPropertyValue
Alias           group -> Group-Object
Alias           gsn -> Get-PSSession
Alias           gsv -> Get-Service
Alias           gtz -> Get-TimeZone                                7.0.0.0    Microsoft.PowerShell.Mana…
Alias           gu -> Get-Unique
Alias           gv -> Get-Variable
Alias           h -> Get-History
Alias           history -> Get-History
Alias           icm -> Invoke-Command
Alias           iex -> Invoke-Expression
Alias           ihy -> Invoke-History
Alias           ii -> Invoke-Item
Alias           Invoke-AzRest -> Invoke-AzRestMethod               5.5.2      Az.Accounts
Alias           ipal -> Import-Alias
Alias           ipcsv -> Import-Csv
Alias           ipmo -> Import-Module
Alias           irm -> Invoke-RestMethod
Alias           iwr -> Invoke-WebRequest
Alias           kill -> Stop-Process
Alias           Login-AzAccount -> Connect-AzAccount               5.5.2      Az.Accounts
Alias           Logout-AzAccount -> Disconnect-AzAccount           5.5.2      Az.Accounts
Alias           ls -> Get-ChildItem
Alias           man -> help
Alias           md -> mkdir
Alias           measure -> Measure-Object
Alias           mi -> Move-Item
Alias           mount -> New-PSDrive
Alias           move -> Move-Item
Alias           mp -> Move-ItemProperty
Alias           mv -> Move-Item
Alias           nal -> New-Alias
Alias           ndr -> New-PSDrive
Alias           New-AzADServicePrincipalCredential -> New-AzADSpC… 10.1.0     Az.Resources
Alias           New-AzSubscriptionDeployment -> New-AzDeployment   10.1.0     Az.Resources
Alias           ni -> New-Item
Alias           nmo -> New-Module
Alias           nsn -> New-PSSession
Alias           nv -> New-Variable
Alias           ogv -> Out-GridView
Alias           oh -> Out-Host
Alias           popd -> Pop-Location
Alias           ps -> Get-Process
Alias           psedit -> Open-EditorFile                          0.2.0      PowerShellEditorServices.…
Alias           pushd -> Push-Location
Alias           pwd -> Get-Location
Alias           r -> Invoke-History
Alias           rbp -> Remove-PSBreakpoint
Alias           rcjb -> Receive-Job
Alias           rcsn -> Receive-PSSession
Alias           rd -> Remove-Item
Alias           rdr -> Remove-PSDrive
Alias           Remove-AzAccount -> Disconnect-AzAccount           5.5.2      Az.Accounts
Alias           Remove-AzADServicePrincipalCredential -> Remove-A… 10.1.0     Az.Resources
Alias           Remove-AzSubscriptionDeployment -> Remove-AzDeplo… 10.1.0     Az.Resources
Alias           ren -> Rename-Item
Alias           ri -> Remove-Item
Alias           rjb -> Remove-Job
Alias           rm -> Remove-Item
Alias           rmdir -> Remove-Item
Alias           rmo -> Remove-Module
Alias           rni -> Rename-Item
Alias           rnp -> Rename-ItemProperty
Alias           rp -> Remove-ItemProperty
Alias           rsn -> Remove-PSSession
Alias           rv -> Remove-Variable
Alias           rvpa -> Resolve-Path
Alias           sajb -> Start-Job
Alias           sal -> Set-Alias
Alias           saps -> Start-Process
Alias           sasv -> Start-Service
Alias           Save-AzProfile -> Save-AzContext                   5.5.2      Az.Accounts
Alias           Save-AzSubscriptionDeploymentTemplate -> Save-AzD… 10.1.0     Az.Resources
Alias           sbp -> Set-PSBreakpoint
Alias           scb -> Set-Clipboard                               7.0.0.0    Microsoft.PowerShell.Mana…
Alias           select -> Select-Object
Alias           Select-AzSubscription -> Set-AzContext             5.5.2      Az.Accounts
Alias           set -> Set-Variable
Alias           Set-AzADApplication -> Update-AzADApplication      10.1.0     Az.Resources
Alias           Set-AzADServicePrincipal -> Update-AzADServicePri… 10.1.0     Az.Resources
Alias           Set-AzADUser -> Update-AzADUser                    10.1.0     Az.Resources
Alias           Set-AzConfig -> Update-AzConfig                    5.5.2      Az.Accounts
Alias           Set-AzPolicyAssignment -> Update-AzPolicyAssignme… 10.1.0     Az.Resources
Alias           Set-AzPolicyDefinition -> Update-AzPolicyDefiniti… 10.1.0     Az.Resources
Alias           Set-AzPolicyExemption -> Update-AzPolicyExemption  10.1.0     Az.Resources
Alias           Set-AzPolicySetDefinition -> Update-AzPolicySetDe… 10.1.0     Az.Resources
Alias           shcm -> Show-Command
Alias           si -> Set-Item
Alias           sl -> Set-Location
Alias           sleep -> Start-Sleep
Alias           sls -> Select-String
Alias           sort -> Sort-Object
Alias           sp -> Set-ItemProperty
Alias           spjb -> Stop-Job
Alias           spps -> Stop-Process
Alias           spsv -> Stop-Service
Alias           start -> Start-Process
Alias           Stop-AzSubscriptionDeployment -> Stop-AzDeployment 10.1.0     Az.Resources
Alias           stz -> Set-TimeZone                                7.0.0.0    Microsoft.PowerShell.Mana…
Alias           sv -> Set-Variable
Alias           tee -> Tee-Object
Alias           Test-AzSubscriptionDeployment -> Test-AzDeployment 10.1.0     Az.Resources
Alias           type -> Get-Content
Alias           where -> Where-Object
Alias           wjb -> Wait-Job
Alias           write -> Write-Output

PS>CommandInvocation(Get-Command): "Get-Command"
>> ParameterBinding(Get-Command): name="ListImported"; value="True"
>> ParameterBinding(Get-Command): name="CommandType"; value="Alias"

CommandType     Name                                               Version    Source
-----------     ----                                               -------    ------
Alias           % -> ForEach-Object
Alias           ? -> Where-Object
Alias           ac -> Add-Content
Alias           Add-AzAccount -> Connect-AzAccount                 5.5.2      Az.Accounts
Alias           cat -> Get-Content
Alias           cd -> Set-Location
Alias           chdir -> Set-Location
Alias           clc -> Clear-Content
Alias           clear -> Clear-Host
Alias           clhy -> Clear-History
Alias           cli -> Clear-Item
Alias           clp -> Clear-ItemProperty
Alias           cls -> Clear-Host
Alias           clv -> Clear-Variable
Alias           cnsn -> Connect-PSSession
Alias           compare -> Compare-Object
Alias           copy -> Copy-Item
Alias           cp -> Copy-Item
Alias           cpi -> Copy-Item
Alias           cpp -> Copy-ItemProperty
Alias           cvpa -> Convert-Path
Alias           dbp -> Disable-PSBreakpoint
Alias           del -> Remove-Item
Alias           diff -> Compare-Object
Alias           dir -> Get-ChildItem
Alias           dnsn -> Disconnect-PSSession
Alias           ebp -> Enable-PSBreakpoint
Alias           echo -> Write-Output
Alias           epal -> Export-Alias
Alias           epcsv -> Export-Csv
Alias           erase -> Remove-Item
Alias           etsn -> Enter-PSSession
Alias           exsn -> Exit-PSSession
Alias           fc -> Format-Custom
Alias           fhx -> Format-Hex                                  7.0.0.0    Microsoft.PowerShell.Util…
Alias           fl -> Format-List
Alias           foreach -> ForEach-Object
Alias           ft -> Format-Table
Alias           fw -> Format-Wide
Alias           gal -> Get-Alias
Alias           gbp -> Get-PSBreakpoint
Alias           gc -> Get-Content
Alias           gcb -> Get-Clipboard                               7.0.0.0    Microsoft.PowerShell.Mana…
Alias           gci -> Get-ChildItem
Alias           gcm -> Get-Command
Alias           gcs -> Get-PSCallStack
Alias           gdr -> Get-PSDrive
Alias           gerr -> Get-Error
Alias           Get-AzADServicePrincipalCredential -> Get-AzADSpC… 10.1.0     Az.Resources
Alias           Get-AzDomain -> Get-AzTenant                       5.5.2      Az.Accounts
Alias           Get-AzResourceProviderAction -> Get-AzProviderOpe… 10.1.0     Az.Resources
Alias           Get-AzSubscriptionDeployment -> Get-AzDeployment   10.1.0     Az.Resources
Alias           Get-AzSubscriptionDeploymentOperation -> Get-AzDe… 10.1.0     Az.Resources
Alias           Get-AzSubscriptionDeploymentWhatIfResult -> Get-A… 10.1.0     Az.Resources
Alias           ghy -> Get-History
Alias           gi -> Get-Item
Alias           gin -> Get-ComputerInfo                            7.0.0.0    Microsoft.PowerShell.Mana…
Alias           gjb -> Get-Job
Alias           gl -> Get-Location
Alias           gm -> Get-Member
Alias           gmo -> Get-Module
Alias           gp -> Get-ItemProperty
Alias           gps -> Get-Process
Alias           gpv -> Get-ItemPropertyValue
Alias           group -> Group-Object
Alias           gsn -> Get-PSSession
Alias           gsv -> Get-Service
Alias           gtz -> Get-TimeZone                                7.0.0.0    Microsoft.PowerShell.Mana…
Alias           gu -> Get-Unique
Alias           gv -> Get-Variable
Alias           h -> Get-History
Alias           history -> Get-History
Alias           icm -> Invoke-Command
Alias           iex -> Invoke-Expression
Alias           ihy -> Invoke-History
Alias           ii -> Invoke-Item
Alias           Invoke-AzRest -> Invoke-AzRestMethod               5.5.2      Az.Accounts
Alias           ipal -> Import-Alias
Alias           ipcsv -> Import-Csv
Alias           ipmo -> Import-Module
Alias           irm -> Invoke-RestMethod
Alias           iwr -> Invoke-WebRequest
Alias           kill -> Stop-Process
Alias           Login-AzAccount -> Connect-AzAccount               5.5.2      Az.Accounts
Alias           Logout-AzAccount -> Disconnect-AzAccount           5.5.2      Az.Accounts
Alias           ls -> Get-ChildItem
Alias           man -> help
Alias           md -> mkdir
Alias           measure -> Measure-Object
Alias           mi -> Move-Item
Alias           mount -> New-PSDrive
Alias           move -> Move-Item
Alias           mp -> Move-ItemProperty
Alias           mv -> Move-Item
Alias           nal -> New-Alias
Alias           ndr -> New-PSDrive
Alias           New-AzADServicePrincipalCredential -> New-AzADSpC… 10.1.0     Az.Resources
Alias           New-AzSubscriptionDeployment -> New-AzDeployment   10.1.0     Az.Resources
Alias           ni -> New-Item
Alias           nmo -> New-Module
Alias           nsn -> New-PSSession
Alias           nv -> New-Variable
Alias           ogv -> Out-GridView
Alias           oh -> Out-Host
Alias           popd -> Pop-Location
Alias           ps -> Get-Process
Alias           psedit -> Open-EditorFile                          0.2.0      PowerShellEditorServices.…
Alias           pushd -> Push-Location
Alias           pwd -> Get-Location
Alias           r -> Invoke-History
Alias           rbp -> Remove-PSBreakpoint
Alias           rcjb -> Receive-Job
Alias           rcsn -> Receive-PSSession
Alias           rd -> Remove-Item
Alias           rdr -> Remove-PSDrive
Alias           Remove-AzAccount -> Disconnect-AzAccount           5.5.2      Az.Accounts
Alias           Remove-AzADServicePrincipalCredential -> Remove-A… 10.1.0     Az.Resources
Alias           Remove-AzSubscriptionDeployment -> Remove-AzDeplo… 10.1.0     Az.Resources
Alias           ren -> Rename-Item
Alias           ri -> Remove-Item
Alias           rjb -> Remove-Job
Alias           rm -> Remove-Item
Alias           rmdir -> Remove-Item
Alias           rmo -> Remove-Module
Alias           rni -> Rename-Item
Alias           rnp -> Rename-ItemProperty
Alias           rp -> Remove-ItemProperty
Alias           rsn -> Remove-PSSession
Alias           rv -> Remove-Variable
Alias           rvpa -> Resolve-Path
Alias           sajb -> Start-Job
Alias           sal -> Set-Alias
Alias           saps -> Start-Process
Alias           sasv -> Start-Service
Alias           Save-AzProfile -> Save-AzContext                   5.5.2      Az.Accounts
Alias           Save-AzSubscriptionDeploymentTemplate -> Save-AzD… 10.1.0     Az.Resources
Alias           sbp -> Set-PSBreakpoint
Alias           scb -> Set-Clipboard                               7.0.0.0    Microsoft.PowerShell.Mana…
Alias           select -> Select-Object
Alias           Select-AzSubscription -> Set-AzContext             5.5.2      Az.Accounts
Alias           set -> Set-Variable
Alias           Set-AzADApplication -> Update-AzADApplication      10.1.0     Az.Resources
Alias           Set-AzADServicePrincipal -> Update-AzADServicePri… 10.1.0     Az.Resources
Alias           Set-AzADUser -> Update-AzADUser                    10.1.0     Az.Resources
Alias           Set-AzConfig -> Update-AzConfig                    5.5.2      Az.Accounts
Alias           Set-AzPolicyAssignment -> Update-AzPolicyAssignme… 10.1.0     Az.Resources
Alias           Set-AzPolicyDefinition -> Update-AzPolicyDefiniti… 10.1.0     Az.Resources
Alias           Set-AzPolicyExemption -> Update-AzPolicyExemption  10.1.0     Az.Resources
Alias           Set-AzPolicySetDefinition -> Update-AzPolicySetDe… 10.1.0     Az.Resources
Alias           shcm -> Show-Command
Alias           si -> Set-Item
Alias           sl -> Set-Location
Alias           sleep -> Start-Sleep
Alias           sls -> Select-String
Alias           sort -> Sort-Object
Alias           sp -> Set-ItemProperty
Alias           spjb -> Stop-Job
Alias           spps -> Stop-Process
Alias           spsv -> Stop-Service
Alias           start -> Start-Process
Alias           Stop-AzSubscriptionDeployment -> Stop-AzDeployment 10.1.0     Az.Resources
Alias           stz -> Set-TimeZone                                7.0.0.0    Microsoft.PowerShell.Mana…
Alias           sv -> Set-Variable
Alias           tee -> Tee-Object
Alias           Test-AzSubscriptionDeployment -> Test-AzDeployment 10.1.0     Az.Resources
Alias           type -> Get-Content
Alias           where -> Where-Object
Alias           wjb -> Wait-Job
Alias           write -> Write-Output

PS>CommandInvocation(Get-Command): "Get-Command"
>> ParameterBinding(Get-Command): name="ListImported"; value="True"
>> ParameterBinding(Get-Command): name="CommandType"; value="Alias"

CommandType     Name                                               Version    Source
-----------     ----                                               -------    ------
Alias           % -> ForEach-Object
Alias           ? -> Where-Object
Alias           ac -> Add-Content
Alias           Add-AzAccount -> Connect-AzAccount                 5.5.2      Az.Accounts
Alias           cat -> Get-Content
Alias           cd -> Set-Location
Alias           chdir -> Set-Location
Alias           clc -> Clear-Content
Alias           clear -> Clear-Host
Alias           clhy -> Clear-History
Alias           cli -> Clear-Item
Alias           clp -> Clear-ItemProperty
Alias           cls -> Clear-Host
Alias           clv -> Clear-Variable
Alias           cnsn -> Connect-PSSession
Alias           compare -> Compare-Object
Alias           copy -> Copy-Item
Alias           cp -> Copy-Item
Alias           cpi -> Copy-Item
Alias           cpp -> Copy-ItemProperty
Alias           cvpa -> Convert-Path
Alias           dbp -> Disable-PSBreakpoint
Alias           del -> Remove-Item
Alias           diff -> Compare-Object
Alias           dir -> Get-ChildItem
Alias           dnsn -> Disconnect-PSSession
Alias           ebp -> Enable-PSBreakpoint
Alias           echo -> Write-Output
Alias           epal -> Export-Alias
Alias           epcsv -> Export-Csv
Alias           erase -> Remove-Item
Alias           etsn -> Enter-PSSession
Alias           exsn -> Exit-PSSession
Alias           fc -> Format-Custom
Alias           fhx -> Format-Hex                                  7.0.0.0    Microsoft.PowerShell.Util…
Alias           fl -> Format-List
Alias           foreach -> ForEach-Object
Alias           ft -> Format-Table
Alias           fw -> Format-Wide
Alias           gal -> Get-Alias
Alias           gbp -> Get-PSBreakpoint
Alias           gc -> Get-Content
Alias           gcb -> Get-Clipboard                               7.0.0.0    Microsoft.PowerShell.Mana…
Alias           gci -> Get-ChildItem
Alias           gcm -> Get-Command
Alias           gcs -> Get-PSCallStack
Alias           gdr -> Get-PSDrive
Alias           gerr -> Get-Error
Alias           Get-AzADServicePrincipalCredential -> Get-AzADSpC… 10.1.0     Az.Resources
Alias           Get-AzDomain -> Get-AzTenant                       5.5.2      Az.Accounts
Alias           Get-AzResourceProviderAction -> Get-AzProviderOpe… 10.1.0     Az.Resources
Alias           Get-AzSubscriptionDeployment -> Get-AzDeployment   10.1.0     Az.Resources
Alias           Get-AzSubscriptionDeploymentOperation -> Get-AzDe… 10.1.0     Az.Resources
Alias           Get-AzSubscriptionDeploymentWhatIfResult -> Get-A… 10.1.0     Az.Resources
Alias           ghy -> Get-History
Alias           gi -> Get-Item
Alias           gin -> Get-ComputerInfo                            7.0.0.0    Microsoft.PowerShell.Mana…
Alias           gjb -> Get-Job
Alias           gl -> Get-Location
Alias           gm -> Get-Member
Alias           gmo -> Get-Module
Alias           gp -> Get-ItemProperty
Alias           gps -> Get-Process
Alias           gpv -> Get-ItemPropertyValue
Alias           group -> Group-Object
Alias           gsn -> Get-PSSession
Alias           gsv -> Get-Service
Alias           gtz -> Get-TimeZone                                7.0.0.0    Microsoft.PowerShell.Mana…
Alias           gu -> Get-Unique
Alias           gv -> Get-Variable
Alias           h -> Get-History
Alias           history -> Get-History
Alias           icm -> Invoke-Command
Alias           iex -> Invoke-Expression
Alias           ihy -> Invoke-History
Alias           ii -> Invoke-Item
Alias           Invoke-AzRest -> Invoke-AzRestMethod               5.5.2      Az.Accounts
Alias           ipal -> Import-Alias
Alias           ipcsv -> Import-Csv
Alias           ipmo -> Import-Module
Alias           irm -> Invoke-RestMethod
Alias           iwr -> Invoke-WebRequest
Alias           kill -> Stop-Process
Alias           Login-AzAccount -> Connect-AzAccount               5.5.2      Az.Accounts
Alias           Logout-AzAccount -> Disconnect-AzAccount           5.5.2      Az.Accounts
Alias           ls -> Get-ChildItem
Alias           man -> help
Alias           md -> mkdir
Alias           measure -> Measure-Object
Alias           mi -> Move-Item
Alias           mount -> New-PSDrive
Alias           move -> Move-Item
Alias           mp -> Move-ItemProperty
Alias           mv -> Move-Item
Alias           nal -> New-Alias
Alias           ndr -> New-PSDrive
Alias           New-AzADServicePrincipalCredential -> New-AzADSpC… 10.1.0     Az.Resources
Alias           New-AzSubscriptionDeployment -> New-AzDeployment   10.1.0     Az.Resources
Alias           ni -> New-Item
Alias           nmo -> New-Module
Alias           nsn -> New-PSSession
Alias           nv -> New-Variable
Alias           ogv -> Out-GridView
Alias           oh -> Out-Host
Alias           popd -> Pop-Location
Alias           ps -> Get-Process
Alias           psedit -> Open-EditorFile                          0.2.0      PowerShellEditorServices.…
Alias           pushd -> Push-Location
Alias           pwd -> Get-Location
Alias           r -> Invoke-History
Alias           rbp -> Remove-PSBreakpoint
Alias           rcjb -> Receive-Job
Alias           rcsn -> Receive-PSSession
Alias           rd -> Remove-Item
Alias           rdr -> Remove-PSDrive
Alias           Remove-AzAccount -> Disconnect-AzAccount           5.5.2      Az.Accounts
Alias           Remove-AzADServicePrincipalCredential -> Remove-A… 10.1.0     Az.Resources
Alias           Remove-AzSubscriptionDeployment -> Remove-AzDeplo… 10.1.0     Az.Resources
Alias           ren -> Rename-Item
Alias           ri -> Remove-Item
Alias           rjb -> Remove-Job
Alias           rm -> Remove-Item
Alias           rmdir -> Remove-Item
Alias           rmo -> Remove-Module
Alias           rni -> Rename-Item
Alias           rnp -> Rename-ItemProperty
Alias           rp -> Remove-ItemProperty
Alias           rsn -> Remove-PSSession
Alias           rv -> Remove-Variable
Alias           rvpa -> Resolve-Path
Alias           sajb -> Start-Job
Alias           sal -> Set-Alias
Alias           saps -> Start-Process
Alias           sasv -> Start-Service
Alias           Save-AzProfile -> Save-AzContext                   5.5.2      Az.Accounts
Alias           Save-AzSubscriptionDeploymentTemplate -> Save-AzD… 10.1.0     Az.Resources
Alias           sbp -> Set-PSBreakpoint
Alias           scb -> Set-Clipboard                               7.0.0.0    Microsoft.PowerShell.Mana…
Alias           select -> Select-Object
Alias           Select-AzSubscription -> Set-AzContext             5.5.2      Az.Accounts
Alias           set -> Set-Variable
Alias           Set-AzADApplication -> Update-AzADApplication      10.1.0     Az.Resources
Alias           Set-AzADServicePrincipal -> Update-AzADServicePri… 10.1.0     Az.Resources
Alias           Set-AzADUser -> Update-AzADUser                    10.1.0     Az.Resources
Alias           Set-AzConfig -> Update-AzConfig                    5.5.2      Az.Accounts
Alias           Set-AzPolicyAssignment -> Update-AzPolicyAssignme… 10.1.0     Az.Resources
Alias           Set-AzPolicyDefinition -> Update-AzPolicyDefiniti… 10.1.0     Az.Resources
Alias           Set-AzPolicyExemption -> Update-AzPolicyExemption  10.1.0     Az.Resources
Alias           Set-AzPolicySetDefinition -> Update-AzPolicySetDe… 10.1.0     Az.Resources
Alias           shcm -> Show-Command
Alias           si -> Set-Item
Alias           sl -> Set-Location
Alias           sleep -> Start-Sleep
Alias           sls -> Select-String
Alias           sort -> Sort-Object
Alias           sp -> Set-ItemProperty
Alias           spjb -> Stop-Job
Alias           spps -> Stop-Process
Alias           spsv -> Stop-Service
Alias           start -> Start-Process
Alias           Stop-AzSubscriptionDeployment -> Stop-AzDeployment 10.1.0     Az.Resources
Alias           stz -> Set-TimeZone                                7.0.0.0    Microsoft.PowerShell.Mana…
Alias           sv -> Set-Variable
Alias           tee -> Tee-Object
Alias           Test-AzSubscriptionDeployment -> Test-AzDeployment 10.1.0     Az.Resources
Alias           type -> Get-Content
Alias           where -> Where-Object
Alias           wjb -> Wait-Job
Alias           write -> Write-Output

PS>CommandInvocation(Set-Variable): "Set-Variable"
>> ParameterBinding(Set-Variable): name="Name"; value="__psEditorServices_DebugServer"
>> ParameterBinding(Set-Variable): name="Value"; value="OmniSharp.Extensions.DebugAdapter.Server.DefaultDebugAdapterServerFacade"
>> ParameterBinding(Set-Variable): name="Description"; value="DO NOT USE: for internal use only."
>> ParameterBinding(Set-Variable): name="Scope"; value="Global"
>> ParameterBinding(Set-Variable): name="Option"; value="ReadOnly"
]633;A]633;P;Cwd=C:\x5cpowershell-advanced-AnthonyBPS C:\powershell-advanced-AnthonyB> ]633;B
PS>. 'C:\powershell-advanced-AnthonyB\create-resourcegroup\create-resourcegroup.ps1'
]633;A]633;P;Cwd=C:\x5cpowershell-advanced-AnthonyBPS C:\powershell-advanced-AnthonyB> ]633;B
PS>CommandInvocation(Remove-Variable): "Remove-Variable"
>> ParameterBinding(Remove-Variable): name="Name"; value="__psEditorServices_DebugServer"
>> ParameterBinding(Remove-Variable): name="Force"; value="True"
PS>$global:__psEditorServices_userInput = $args[0]
PS>$global:__psEditorServices_userInput = ""
PS>new-testresourcegroup -verbose
>> TerminatingError(New-TestResourceGroup): "Parameter set cannot be resolved using the specified named parameters. One or more parameters issued cannot be used together or an insufficient number of parameters were provided."
New-TestResourceGroup: Parameter set cannot be resolved using the specified named parameters. One or more parameters issued cannot be used together or an insufficient number of parameters were provided.
New-TestResourceGroup: Parameter set cannot be resolved using the specified named parameters. One or more parameters issued cannot be used together or an insufficient number of parameters were provided.
]633;D;1]633;A]633;P;Cwd=C:\x5cpowershell-advanced-AnthonyBPS C:\powershell-advanced-AnthonyB> ]633;B
PS>$global:__psEditorServices_userInput = $args[0]
PS>$global:__psEditorServices_userInput = ""
PS>new-testresourcegroup -resourcegroupname "verbosetest" -verbose
VERBOSE: starting function: New-TestResourceGroup
VERBOSE: Resource group name is validated to be between 10 and 20 characters long
VERBOSE: Tags are set to default values
VERBOSE: Starting the creation of the output object
Transcript started, output file is ./creat-resourcegroup.log
VERBOSE: Performing the operation "Create" on target "Resource Group ''".
VERBOSE: 9:12:07 PM - Created resource group 'verbosetest' in location 'centralus'

ResourceGroupName : verbosetest
Location          : centralus
ProvisioningState : Succeeded
Tags              : 
                    Name         Value
                    ===========  =====
                    Environment  Test
                    Department   IT

ResourceId        : /subscriptions/c590d1c0-2832-4a91-a127-fad428b7a9f3/resourceGroups/verbosetest

VERBOSE: Resource group creation completed. Publishing result to console.
@{ResourcegroupName=verbosetest; Location=centralus; Status=Created; Tags=System.Collections.Hashtable; Timestamp=9/16/2026 9:12:06 PM}
Transcript stopped, output file is C:\powershell-advanced-AnthonyB\creat-resourcegroup.log
]633;D;0]633;A]633;P;Cwd=C:\x5cpowershell-advanced-AnthonyBPS C:\powershell-advanced-AnthonyB> ]633;B
**********************
PowerShell transcript start
Start time: 20260917154734
Username: PA-Anthonyb\student
RunAs User: PA-Anthonyb\student
Configuration Name: 
Machine: PA-Anthonyb (Microsoft Windows NT 10.0.26100.0)
Host Application: C:\Program Files\WindowsApps\Microsoft.PowerShell_7.6.6.0_x64__8wekyb3d8bbwe\pwsh.dll -NoProfile -ExecutionPolicy Bypass -Command Import-Module 'c:\Users\student\.vscode\extensions\ms-vscode.powershell-2025.4.0\modules\PowerShellEditorServices\PowerShellEditorServices.psd1'; Start-EditorServices -HostName 'Visual Studio Code Host' -HostProfileId 'Microsoft.VSCode' -HostVersion '2025.4.0' -BundledModulesPath 'c:\Users\student\.vscode\extensions\ms-vscode.powershell-2025.4.0\modules' -EnableConsoleRepl -StartupBanner "PowerShell Extension v2025.4.0
Copyright (c) Microsoft Corporation.

https://aka.ms/vscode-powershell
Type 'help' to get help.
" -LogLevel 'Warning' -LogPath 'c:\Users\student\AppData\Roaming\Code\logs\20260917T153939\window1\exthost\ms-vscode.powershell' -SessionDetailsPath 'c:\Users\student\AppData\Roaming\Code\User\globalStorage\ms-vscode.powershell\sessions\PSES-VSCode-6992-700312.json' -FeatureFlags @() 
Process ID: 3216
PSVersion: 7.6.6
PSEdition: Core
GitCommitId: 7.6.6
OS: Microsoft Windows 10.0.26100
Platform: Win32NT
PSCompatibleVersions: 1.0, 2.0, 3.0, 4.0, 5.0, 5.1, 6.0, 7.0
PSRemotingProtocolVersion: 2.4
SerializationVersion: 1.1.0.1
WSManStackVersion: 3.0
**********************
Transcript started, output file is ./creat-resourcegroup.log

ResourceGroupName : RandomGroup1
Location          : centralus
ProvisioningState : Succeeded
Tags              : 
                    Name         Value
                    ===========  =====
                    Environment  Test
                    Department   IT

ResourceId        : /subscriptions/c590d1c0-2832-4a91-a127-fad428b7a9f3/resourceGroups/RandomGroup1

Transcript started, output file is ./creat-resourcegroup.log
ResourceGroupName : RandomGroup2
Location          : centralus
ProvisioningState : Succeeded
Tags              : 
                    Name         Value
                    ===========  =====
                    Environment  Test
                    Department   IT

ResourceId        : /subscriptions/c590d1c0-2832-4a91-a127-fad428b7a9f3/resourceGroups/RandomGroup2

Transcript started, output file is ./creat-resourcegroup.log
ResourceGroupName : RandomGroup3
Location          : centralus
ProvisioningState : Succeeded
Tags              : 
                    Name         Value
                    ===========  =====
                    Environment  Test
                    Department   IT

ResourceId        : /subscriptions/c590d1c0-2832-4a91-a127-fad428b7a9f3/resourceGroups/RandomGroup3

Transcript started, output file is ./creat-resourcegroup.log
ResourceGroupName : RandomGroup4
Location          : centralus
ProvisioningState : Succeeded
Tags              : 
                    Name         Value
                    ===========  =====
                    Environment  Test
                    Department   IT

ResourceId        : /subscriptions/c590d1c0-2832-4a91-a127-fad428b7a9f3/resourceGroups/RandomGroup4

Transcript started, output file is ./creat-resourcegroup.log
ResourceGroupName : RandomGroup5
Location          : centralus
ProvisioningState : Succeeded
Tags              : 
                    Name         Value
                    ===========  =====
                    Environment  Test
                    Department   IT

ResourceId        : /subscriptions/c590d1c0-2832-4a91-a127-fad428b7a9f3/resourceGroups/RandomGroup5

Transcript started, output file is ./creat-resourcegroup.log
ResourceGroupName : RandomGroup6
Location          : centralus
ProvisioningState : Succeeded
Tags              : 
                    Name         Value
                    ===========  =====
                    Environment  Test
                    Department   IT

ResourceId        : /subscriptions/c590d1c0-2832-4a91-a127-fad428b7a9f3/resourceGroups/RandomGroup6

Transcript started, output file is ./creat-resourcegroup.log
ResourceGroupName : RandomGroup7
Location          : centralus
ProvisioningState : Succeeded
Tags              : 
                    Name         Value
                    ===========  =====
                    Environment  Test
                    Department   IT

ResourceId        : /subscriptions/c590d1c0-2832-4a91-a127-fad428b7a9f3/resourceGroups/RandomGroup7

Transcript started, output file is ./creat-resourcegroup.log
ResourceGroupName : RandomGroup8
Location          : centralus
ProvisioningState : Succeeded
Tags              : 
                    Name         Value
                    ===========  =====
                    Environment  Test
                    Department   IT

ResourceId        : /subscriptions/c590d1c0-2832-4a91-a127-fad428b7a9f3/resourceGroups/RandomGroup8

Transcript started, output file is ./creat-resourcegroup.log
ResourceGroupName : RandomGroup9
Location          : centralus
ProvisioningState : Succeeded
Tags              : 
                    Name         Value
                    ===========  =====
                    Environment  Test
                    Department   IT

ResourceId        : /subscriptions/c590d1c0-2832-4a91-a127-fad428b7a9f3/resourceGroups/RandomGroup9

@{ResourcegroupName=; Location=centralus; Status=Created; Tags=System.Collections.Hashtable; Timestamp=9/17/2026 3:47:34 PM}
Transcript stopped, output file is C:\powershell-advanced-AnthonyB\creat-resourcegroup.log
]633;D;0]633;A]633;P;Cwd=C:\x5cpowershell-advanced-AnthonyBPS C:\powershell-advanced-AnthonyB> ]633;B
PS>$global:__psEditorServices_userInput = $args[0]
PS>$global:__psEditorServices_userInput = ""
PS>cls
]633;D;0]633;A]633;P;Cwd=C:\x5cpowershell-advanced-AnthonyBPS C:\powershell-advanced-AnthonyB> ]633;B
PS>$global:__psEditorServices_userInput = $args[0]
PS>$global:__psEditorServices_userInput = ""
PS>aoiejoiajeojfoejafoij | New-TestResourceGroup
aoiejoiajeojfoejafoij: The term 'aoiejoiajeojfoejafoij' is not recognized as a name of a cmdlet, function, script file, or executable program.
Check the spelling of the name, or if a path was included, verify that the path is correct and try again.
aoiejoiajeojfoejafoij: The term 'aoiejoiajeojfoejafoij' is not recognized as a name of a cmdlet, function, script file, or executable program.
Check the spelling of the name, or if a path was included, verify that the path is correct and try again.
]633;D;1]633;A]633;P;Cwd=C:\x5cpowershell-advanced-AnthonyBPS C:\powershell-advanced-AnthonyB> ]633;B
PS>$global:__psEditorServices_userInput = $args[0]
PS>$global:__psEditorServices_userInput = ""
PS>"aoeifjoaejfeoifjeaoj" | New-TestResourceGroup
Transcript started, output file is ./creat-resourcegroup.log

ResourceGroupName : aoeifjoaejfeoifjeaoj
Location          : centralus
ProvisioningState : Succeeded
Tags              : 
                    Name         Value
                    ===========  =====
                    Environment  Test
                    Department   IT

ResourceId        : /subscriptions/c590d1c0-2832-4a91-a127-fad428b7a9f3/resourceGroups/aoeifjoaejfeoifje
                    aoj

@{ResourcegroupName=; Location=centralus; Status=Created; Tags=System.Collections.Hashtable; Timestamp=9/17/2026 4:13:56 PM}
Transcript stopped, output file is C:\powershell-advanced-AnthonyB\creat-resourcegroup.log
]633;D;0]633;A]633;P;Cwd=C:\x5cpowershell-advanced-AnthonyBPS C:\powershell-advanced-AnthonyB> ]633;B
PS>$global:__psEditorServices_userInput = $args[0]
PS>$global:__psEditorServices_userInput = ""
PS>git add .

]633;D;0]633;A]633;P;Cwd=C:\x5cpowershell-advanced-AnthonyBPS C:\powershell-advanced-AnthonyB> ]633;B
**********************
PowerShell transcript start
Start time: 20260918194335
Username: PA-Anthonyb\student
RunAs User: PA-Anthonyb\student
Configuration Name: 
Machine: PA-Anthonyb (Microsoft Windows NT 10.0.26100.0)
Host Application: C:\Program Files\WindowsApps\Microsoft.PowerShell_7.6.6.0_x64__8wekyb3d8bbwe\pwsh.dll -NoProfile -ExecutionPolicy Bypass -Command Import-Module 'c:\Users\student\.vscode\extensions\ms-vscode.powershell-2025.4.0\modules\PowerShellEditorServices\PowerShellEditorServices.psd1'; Start-EditorServices -HostName 'Visual Studio Code Host' -HostProfileId 'Microsoft.VSCode' -HostVersion '2025.4.0' -BundledModulesPath 'c:\Users\student\.vscode\extensions\ms-vscode.powershell-2025.4.0\modules' -EnableConsoleRepl -StartupBanner "PowerShell Extension v2025.4.0
Copyright (c) Microsoft Corporation.

https://aka.ms/vscode-powershell
Type 'help' to get help.
" -LogLevel 'Warning' -LogPath 'c:\Users\student\AppData\Roaming\Code\logs\20260918T193415\window1\exthost\ms-vscode.powershell' -SessionDetailsPath 'c:\Users\student\AppData\Roaming\Code\User\globalStorage\ms-vscode.powershell\sessions\PSES-VSCode-6772-766209.json' -FeatureFlags @() 
Process ID: 7912
PSVersion: 7.6.6
PSEdition: Core
GitCommitId: 7.6.6
OS: Microsoft Windows 10.0.26100
Platform: Win32NT
PSCompatibleVersions: 1.0, 2.0, 3.0, 4.0, 5.0, 5.1, 6.0, 7.0
PSRemotingProtocolVersion: 2.4
SerializationVersion: 1.1.0.1
WSManStackVersion: 3.0
**********************
Transcript started, output file is ./creat-resourcegroup.log
Resource group 'RandomGroup1' already exists. Skipping creation.
InvalidOperation: C:\powershell-advanced-AnthonyB\create-resourcegroup\create-resourcegroup.ps1:113:13
Line |
 113 |              $result.Status = 'Created'
     |              ~~~~~~~~~~~~~~~~~~~~~~~~~~
     | The property 'Status' cannot be found on this object. Verify that the property exists and can be set.
InvalidOperation: C:\powershell-advanced-AnthonyB\create-resourcegroup\create-resourcegroup.ps1:113:13
Line |
 113 |              $result.Status = 'Created'
     |              ~~~~~~~~~~~~~~~~~~~~~~~~~~
     | The property 'Status' cannot be found on this object. Verify that the property exists and can be
     | set.

Transcript started, output file is ./creat-resourcegroup.log
Resource group 'RandomGroup2' already exists. Skipping creation.
InvalidOperation: C:\powershell-advanced-AnthonyB\create-resourcegroup\create-resourcegroup.ps1:113:13
Line |
 113 |              $result.Status = 'Created'
     |              ~~~~~~~~~~~~~~~~~~~~~~~~~~
     | The property 'Status' cannot be found on this object. Verify that the property exists and can be set.
InvalidOperation: C:\powershell-advanced-AnthonyB\create-resourcegroup\create-resourcegroup.ps1:113:13
Line |
 113 |              $result.Status = 'Created'
     |              ~~~~~~~~~~~~~~~~~~~~~~~~~~
     | The property 'Status' cannot be found on this object. Verify that the property exists and can be
     | set.

Transcript started, output file is ./creat-resourcegroup.log
Resource group 'RandomGroup3' already exists. Skipping creation.
InvalidOperation: C:\powershell-advanced-AnthonyB\create-resourcegroup\create-resourcegroup.ps1:113:13
Line |
 113 |              $result.Status = 'Created'
     |              ~~~~~~~~~~~~~~~~~~~~~~~~~~
     | The property 'Status' cannot be found on this object. Verify that the property exists and can be set.
InvalidOperation: C:\powershell-advanced-AnthonyB\create-resourcegroup\create-resourcegroup.ps1:113:13
Line |
 113 |              $result.Status = 'Created'
     |              ~~~~~~~~~~~~~~~~~~~~~~~~~~
     | The property 'Status' cannot be found on this object. Verify that the property exists and can be
     | set.

Transcript started, output file is ./creat-resourcegroup.log
Resource group 'RandomGroup4' already exists. Skipping creation.
InvalidOperation: C:\powershell-advanced-AnthonyB\create-resourcegroup\create-resourcegroup.ps1:113:13
Line |
 113 |              $result.Status = 'Created'
     |              ~~~~~~~~~~~~~~~~~~~~~~~~~~
     | The property 'Status' cannot be found on this object. Verify that the property exists and can be set.
InvalidOperation: C:\powershell-advanced-AnthonyB\create-resourcegroup\create-resourcegroup.ps1:113:13
Line |
 113 |              $result.Status = 'Created'
     |              ~~~~~~~~~~~~~~~~~~~~~~~~~~
     | The property 'Status' cannot be found on this object. Verify that the property exists and can be
     | set.

Transcript started, output file is ./creat-resourcegroup.log
Resource group 'RandomGroup5' already exists. Skipping creation.
InvalidOperation: C:\powershell-advanced-AnthonyB\create-resourcegroup\create-resourcegroup.ps1:113:13
Line |
 113 |              $result.Status = 'Created'
     |              ~~~~~~~~~~~~~~~~~~~~~~~~~~
     | The property 'Status' cannot be found on this object. Verify that the property exists and can be set.
InvalidOperation: C:\powershell-advanced-AnthonyB\create-resourcegroup\create-resourcegroup.ps1:113:13
Line |
 113 |              $result.Status = 'Created'
     |              ~~~~~~~~~~~~~~~~~~~~~~~~~~
     | The property 'Status' cannot be found on this object. Verify that the property exists and can be
     | set.

Transcript started, output file is ./creat-resourcegroup.log
Resource group 'RandomGroup6' already exists. Skipping creation.
InvalidOperation: C:\powershell-advanced-AnthonyB\create-resourcegroup\create-resourcegroup.ps1:113:13
Line |
 113 |              $result.Status = 'Created'
     |              ~~~~~~~~~~~~~~~~~~~~~~~~~~
     | The property 'Status' cannot be found on this object. Verify that the property exists and can be set.
InvalidOperation: C:\powershell-advanced-AnthonyB\create-resourcegroup\create-resourcegroup.ps1:113:13
Line |
 113 |              $result.Status = 'Created'
     |              ~~~~~~~~~~~~~~~~~~~~~~~~~~
     | The property 'Status' cannot be found on this object. Verify that the property exists and can be
     | set.

Transcript started, output file is ./creat-resourcegroup.log
Resource group 'RandomGroup7' already exists. Skipping creation.
InvalidOperation: C:\powershell-advanced-AnthonyB\create-resourcegroup\create-resourcegroup.ps1:113:13
Line |
 113 |              $result.Status = 'Created'
     |              ~~~~~~~~~~~~~~~~~~~~~~~~~~
     | The property 'Status' cannot be found on this object. Verify that the property exists and can be set.
InvalidOperation: C:\powershell-advanced-AnthonyB\create-resourcegroup\create-resourcegroup.ps1:113:13
Line |
 113 |              $result.Status = 'Created'
     |              ~~~~~~~~~~~~~~~~~~~~~~~~~~
     | The property 'Status' cannot be found on this object. Verify that the property exists and can be
     | set.

Transcript started, output file is ./creat-resourcegroup.log
Resource group 'RandomGroup8' already exists. Skipping creation.
InvalidOperation: C:\powershell-advanced-AnthonyB\create-resourcegroup\create-resourcegroup.ps1:113:13
Line |
 113 |              $result.Status = 'Created'
     |              ~~~~~~~~~~~~~~~~~~~~~~~~~~
     | The property 'Status' cannot be found on this object. Verify that the property exists and can be set.
InvalidOperation: C:\powershell-advanced-AnthonyB\create-resourcegroup\create-resourcegroup.ps1:113:13
Line |
 113 |              $result.Status = 'Created'
     |              ~~~~~~~~~~~~~~~~~~~~~~~~~~
     | The property 'Status' cannot be found on this object. Verify that the property exists and can be
     | set.

Transcript started, output file is ./creat-resourcegroup.log
Resource group 'RandomGroup9' already exists. Skipping creation.
InvalidOperation: C:\powershell-advanced-AnthonyB\create-resourcegroup\create-resourcegroup.ps1:113:13
Line |
 113 |              $result.Status = 'Created'
     |              ~~~~~~~~~~~~~~~~~~~~~~~~~~
     | The property 'Status' cannot be found on this object. Verify that the property exists and can be set.
InvalidOperation: C:\powershell-advanced-AnthonyB\create-resourcegroup\create-resourcegroup.ps1:113:13
Line |
 113 |              $result.Status = 'Created'
     |              ~~~~~~~~~~~~~~~~~~~~~~~~~~
     | The property 'Status' cannot be found on this object. Verify that the property exists and can be
     | set.


summary of resource group creation:
-----------------------------------
Request Processed: 9
Resource Created:
Resource Skipped: 9
Error Count:
Transcript stopped, output file is C:\powershell-advanced-AnthonyB\creat-resourcegroup.log
]633;D;0]633;A]633;P;Cwd=C:\x5cpowershell-advanced-AnthonyBPS C:\powershell-advanced-AnthonyB> ]633;B
PS>$global:__psEditorServices_userInput = $args[0]
PS>$global:__psEditorServices_userInput = ""
PS>"aoeifjoaejfeoifjeaoj2" | New-TestResourceGroup
InvalidOperation: C:\powershell-advanced-AnthonyB\create-resourcegroup\create-resourcegroup.ps1:54:9
Line |
  54 |          $RequestProcessed = 0
     |          ~~~~~~~~~~~~~~~~~
     | A null key is not allowed in a hash literal.
InvalidOperation: C:\powershell-advanced-AnthonyB\create-resourcegroup\create-resourcegroup.ps1:54:9
Line |
  54 |          $RequestProcessed = 0
     |          ~~~~~~~~~~~~~~~~~
     | A null key is not allowed in a hash literal.

New-TestResourceGroup: Cannot validate argument on parameter 'ResourceGroupName'. The character length of the 21 argument is too long. Shorten the character length of the argument so it is fewer than or equal to "20" characters, and then try the command again.
New-TestResourceGroup: Cannot validate argument on parameter 'ResourceGroupName'. The character length of the 21 argument is too long. Shorten the character length of the argument so it is fewer than or equal to "20" characters, and then try the command again.

summary of resource group creation:
-----------------------------------
Request Processed:
Resource Created:
Resource Skipped:
Error Count:
Transcript stopped, output file is C:\powershell-advanced-AnthonyB\creat-resourcegroup.log
]633;D;1]633;A]633;P;Cwd=C:\x5cpowershell-advanced-AnthonyBPS C:\powershell-advanced-AnthonyB> ]633;B
PS>$global:__psEditorServices_userInput = $args[0]
PS>$global:__psEditorServices_userInput = ""
PS>"aoeifjoaejfeoifje" | New-TestResourceGroup
InvalidOperation: C:\powershell-advanced-AnthonyB\create-resourcegroup\create-resourcegroup.ps1:54:9
Line |
  54 |          $RequestProcessed = 0
     |          ~~~~~~~~~~~~~~~~~
     | A null key is not allowed in a hash literal.
InvalidOperation: C:\powershell-advanced-AnthonyB\create-resourcegroup\create-resourcegroup.ps1:54:9
Line |
  54 |          $RequestProcessed = 0
     |          ~~~~~~~~~~~~~~~~~
     | A null key is not allowed in a hash literal.

Transcript started, output file is ./creat-resourcegroup.log
Creating resource group 'aoeifjoaejfeoifje' in location 'centralus' with tags: System.Collections.Hashtable

ResourceGroupName : aoeifjoaejfeoifje
Location          : centralus
ProvisioningState : Succeeded
Tags              : 
                    Name         Value
                    ===========  =====
                    Environment  Test
                    Department   IT

ResourceId        : /subscriptions/c590d1c0-2832-4a91-a127-fad428b7a9f3/resourceGroups/aoeifjoaejfeoifje

InvalidOperation: C:\powershell-advanced-AnthonyB\create-resourcegroup\create-resourcegroup.ps1:113:13
Line |
 113 |              $result.Status = 'Created'
     |              ~~~~~~~~~~~~~~~~~~~~~~~~~~
     | The property 'Status' cannot be found on this object. Verify that the property exists and can be set.
InvalidOperation: C:\powershell-advanced-AnthonyB\create-resourcegroup\create-resourcegroup.ps1:113:13
Line |
 113 |              $result.Status = 'Created'
     |              ~~~~~~~~~~~~~~~~~~~~~~~~~~
     | The property 'Status' cannot be found on this object. Verify that the property exists and can be
     | set.


summary of resource group creation:
-----------------------------------
Request Processed: 1
Resource Created: 1
Resource Skipped:
Error Count:
Transcript stopped, output file is C:\powershell-advanced-AnthonyB\creat-resourcegroup.log
]633;D;0]633;A]633;P;Cwd=C:\x5cpowershell-advanced-AnthonyBPS C:\powershell-advanced-AnthonyB> ]633;B
PS>CommandInvocation(Get-Command): "Get-Command"
>> ParameterBinding(Get-Command): name="ErrorAction"; value="Ignore"
>> ParameterBinding(Get-Command): name="Name"; value="get-azresourcegroup"

CommandType     Name                                               Version    Source
-----------     ----                                               -------    ------
Cmdlet          Get-AzResourceGroup                                10.1.0     Az.Resources

PS>CommandInvocation(Get-Help): "Get-Help"
>> ParameterBinding(Get-Help): name="Name"; value="Get-AzResourceGroup"
>> ParameterBinding(Get-Help): name="Online"; value="False"
>> ParameterBinding(Get-Help): name="ErrorAction"; value="Ignore"
>> TerminatingError(): "The pipeline has been stopped."
>> CommandInvocation(Get-Help): "Get-Help"
>> ParameterBinding(Get-Help): name="Name"; value="Get-AzResourceGroup"
>> ParameterBinding(Get-Help): name="Online"; value="False"
>> ParameterBinding(Get-Help): name="ErrorAction"; value="Ignore"

NAME
    Get-AzResourceGroup

SYNOPSIS
    Gets resource groups.


SYNTAX
    Get-AzResourceGroup [[-Location] <System.String>] [-ApiVersion <System.String>] [-DefaultProfile
    <Microsoft.Azure.Commands.Common.Authentication.Abstractions.Core.IAzureContextContainer>]
    [-ExpandProperties] [-Id <System.String>] [-Pre] [<CommonParameters>]

    Get-AzResourceGroup [[-Name] <System.String>] [[-Location] <System.String>] [-ApiVersion
    <System.String>] [-DefaultProfile
    <Microsoft.Azure.Commands.Common.Authentication.Abstractions.Core.IAzureContextContainer>]
    [-ExpandProperties] [-Pre] [-Tag <System.Collections.Hashtable>] [<CommonParameters>]


DESCRIPTION
    The Get-AzResourceGroup cmdlet gets Azure resource groups in the current subscription. You can get
    all resource groups, or specify a resource group by name or by other properties. By default, this
    cmdlet gets all resource groups in the current subscription. For more information about Azure
    resources and Azure resource groups, see the New-AzResourceGroup cmdlet.


RELATED LINKS
    Online Version: https://learn.microsoft.com/powershell/module/az.resources/get-azresourcegroup
    New-AzResourceGroup
    Remove-AzResourceGroup
    Set-AzResourceGroup

REMARKS
    To see the examples, type: "Get-Help Get-AzResourceGroup -Examples"
    For more information, type: "Get-Help Get-AzResourceGroup -Detailed"
    For technical information, type: "Get-Help Get-AzResourceGroup -Full"
    For online help, type: "Get-Help Get-AzResourceGroup -Online"

PS>CommandInvocation(Get-Command): "Get-Command"
>> ParameterBinding(Get-Command): name="ErrorAction"; value="Ignore"
>> ParameterBinding(Get-Command): name="Name"; value="New-AzResourceGroup"

CommandType     Name                                               Version    Source
-----------     ----                                               -------    ------
Cmdlet          New-AzResourceGroup                                10.1.0     Az.Resources

PS>CommandInvocation(Get-Help): "Get-Help"
>> ParameterBinding(Get-Help): name="Name"; value="New-AzResourceGroup"
>> ParameterBinding(Get-Help): name="Online"; value="False"
>> ParameterBinding(Get-Help): name="ErrorAction"; value="Ignore"

NAME
    New-AzResourceGroup

SYNOPSIS
    Creates an Azure resource group.


SYNTAX
    New-AzResourceGroup [-Name] <System.String> [-Location] <System.String> [-ApiVersion
    <System.String>] [-DefaultProfile
    <Microsoft.Azure.Commands.Common.Authentication.Abstractions.Core.IAzureContextContainer>] [-Force]
    [-Pre] [-Tag <System.Collections.Hashtable>] [-Confirm] [-WhatIf] [<CommonParameters>]


DESCRIPTION
    The New-AzResourceGroup cmdlet creates an Azure resource group. You can create a resource group by
    using just a name and location, and then use the New-AzResource cmdlet to create resources to add
    to the resource group. To add a deployment to an existing resource group, use the
    New-AzResourceGroupDeployment cmdlet. To add a resource to an existing resource group, use the
    New-AzResource cmdlet. An Azure resource is a user-managed Azure entity, such as a database server,
    database, or website. An Azure resource group is a collection of Azure resources that are deployed
    as a unit.


RELATED LINKS
    Online Version: https://learn.microsoft.com/powershell/module/az.resources/new-azresourcegroup
    Get-AzResourceProvider
    Get-AzResourceGroup
    New-AzResource
    New-AzResourceGroupDeployment
    Remove-AzResourceGroup
    Set-AzResourceGroup

REMARKS
    To see the examples, type: "Get-Help New-AzResourceGroup -Examples"
    For more information, type: "Get-Help New-AzResourceGroup -Detailed"
    For technical information, type: "Get-Help New-AzResourceGroup -Full"
    For online help, type: "Get-Help New-AzResourceGroup -Online"

PS>CommandInvocation(Set-Variable): "Set-Variable"
>> ParameterBinding(Set-Variable): name="Name"; value="__psEditorServices_DebugServer"
>> ParameterBinding(Set-Variable): name="Value"; value="OmniSharp.Extensions.DebugAdapter.Server.DefaultDebugAdapterServerFacade"
>> ParameterBinding(Set-Variable): name="Description"; value="DO NOT USE: for internal use only."
>> ParameterBinding(Set-Variable): name="Scope"; value="Global"
>> ParameterBinding(Set-Variable): name="Option"; value="ReadOnly"
]633;A]633;P;Cwd=C:\x5cpowershell-advanced-AnthonyBPS C:\powershell-advanced-AnthonyB> ]633;B
PS>. 'C:\powershell-advanced-AnthonyB\create-resourcegroup\create-resourcegroup.ps1'
]633;A]633;P;Cwd=C:\x5cpowershell-advanced-AnthonyBPS C:\powershell-advanced-AnthonyB> ]633;B
PS>CommandInvocation(Remove-Variable): "Remove-Variable"
>> ParameterBinding(Remove-Variable): name="Name"; value="__psEditorServices_DebugServer"
>> ParameterBinding(Remove-Variable): name="Force"; value="True"
PS>$global:__psEditorServices_userInput = $args[0]
PS>$global:__psEditorServices_userInput = ""
PS>"aoeifjoaejfeuft" | New-TestResourceGroup
Transcript started, output file is ./creat-resourcegroup.log
Creating resource group 'aoeifjoaejfeuft' in location 'centralus' with tags: System.Collections.Hashtable

ResourceGroupName : aoeifjoaejfeuft
Location          : centralus
ProvisioningState : Succeeded
Tags              : 
                    Name         Value
                    ===========  =====
                    Environment  Test
                    Department   IT

ResourceId        : /subscriptions/c590d1c0-2832-4a91-a127-fad428b7a9f3/resourceGroups/aoeifjoaejfeuft

Error creating resource group: The '++' operator works only on numbers. The operand is a 'System.String'.
InvalidOperation: C:\powershell-advanced-AnthonyB\create-resourcegroup\create-resourcegroup.ps1:110:13
Line |
 110 |              $ErrorCount++
     |              ~~~~~~~~~~~~~
     | The '++' operator works only on numbers. The operand is a 'System.String'.
InvalidOperation: C:\powershell-advanced-AnthonyB\create-resourcegroup\create-resourcegroup.ps1:110:13
Line |
 110 |              $ErrorCount++
     |              ~~~~~~~~~~~~~
     | The '++' operator works only on numbers. The operand is a 'System.String'.

@{ResourcegroupName=; Location=centralus; Status=Created; Tags=System.Collections.Hashtable; Timestamp=9/18/2026 7:51:08 PM}
summary of resource group creation:
-----------------------------------
Request Processed: 0
Resource Created: 0
Resource Skipped: 0
Error Count: 0
Transcript stopped, output file is C:\powershell-advanced-AnthonyB\creat-resourcegroup.log
]633;D;0]633;A]633;P;Cwd=C:\x5cpowershell-advanced-AnthonyBPS C:\powershell-advanced-AnthonyB> ]633;B
PS>CommandInvocation(Set-Variable): "Set-Variable"
>> ParameterBinding(Set-Variable): name="Name"; value="__psEditorServices_DebugServer"
>> ParameterBinding(Set-Variable): name="Value"; value="OmniSharp.Extensions.DebugAdapter.Server.DefaultDebugAdapterServerFacade"
>> ParameterBinding(Set-Variable): name="Description"; value="DO NOT USE: for internal use only."
>> ParameterBinding(Set-Variable): name="Scope"; value="Global"
>> ParameterBinding(Set-Variable): name="Option"; value="ReadOnly"
]633;A]633;P;Cwd=C:\x5cpowershell-advanced-AnthonyBPS C:\powershell-advanced-AnthonyB> ]633;B
PS>. 'C:\powershell-advanced-AnthonyB\create-resourcegroup\create-resourcegroup.ps1'
]633;A]633;P;Cwd=C:\x5cpowershell-advanced-AnthonyBPS C:\powershell-advanced-AnthonyB> ]633;B
PS>CommandInvocation(Remove-Variable): "Remove-Variable"
>> ParameterBinding(Remove-Variable): name="Name"; value="__psEditorServices_DebugServer"
>> ParameterBinding(Remove-Variable): name="Force"; value="True"
PS>$global:__psEditorServices_userInput = $args[0]
PS>$global:__psEditorServices_userInput = ""
PS>"counterTEST1" | New-TestResourceGroup
Transcript started, output file is ./creat-resourcegroup.log
Creating resource group 'counterTEST1' in location 'centralus' with tags: System.Collections.Hashtable

ResourceGroupName : counterTEST1
Location          : centralus
ProvisioningState : Succeeded
Tags              : 
                    Name         Value
                    ===========  =====
                    Environment  Test
                    Department   IT

ResourceId        : /subscriptions/c590d1c0-2832-4a91-a127-fad428b7a9f3/resourceGroups/counterTEST1

@{ResourcegroupName=; Location=centralus; Status=Created; Tags=System.Collections.Hashtable; Timestamp=9/18/2026 7:55:09 PM}
summary of resource group creation:
-----------------------------------
Request Processed: 1
Resource Created: 1
Resource Skipped: 0
Error Count: 0
Transcript stopped, output file is C:\powershell-advanced-AnthonyB\creat-resourcegroup.log
]633;D;0]633;A]633;P;Cwd=C:\x5cpowershell-advanced-AnthonyBPS C:\powershell-advanced-AnthonyB> ]633;B
PS>$global:__psEditorServices_userInput = $args[0]
PS>$global:__psEditorServices_userInput = ""
PS>"counterTEST1" | New-TestResourceGroup
Transcript started, output file is ./creat-resourcegroup.log
Resource group 'counterTEST1' already exists. Skipping creation.
@{ResourcegroupName=; Location=centralus; Status=Created; Tags=System.Collections.Hashtable; Timestamp=9/18/2026 7:55:40 PM}
summary of resource group creation:
-----------------------------------
Request Processed: 1
Resource Created: 0
Resource Skipped: 1
Error Count: 0
Transcript stopped, output file is C:\powershell-advanced-AnthonyB\creat-resourcegroup.log
]633;D;0]633;A]633;P;Cwd=C:\x5cpowershell-advanced-AnthonyBPS C:\powershell-advanced-AnthonyB> ]633;B
PS>CommandInvocation(Set-Variable): "Set-Variable"
>> ParameterBinding(Set-Variable): name="Name"; value="__psEditorServices_DebugServer"
>> ParameterBinding(Set-Variable): name="Value"; value="OmniSharp.Extensions.DebugAdapter.Server.DefaultDebugAdapterServerFacade"
>> ParameterBinding(Set-Variable): name="Description"; value="DO NOT USE: for internal use only."
>> ParameterBinding(Set-Variable): name="Scope"; value="Global"
>> ParameterBinding(Set-Variable): name="Option"; value="ReadOnly"
]633;A]633;P;Cwd=C:\x5cpowershell-advanced-AnthonyBPS C:\powershell-advanced-AnthonyB> ]633;B
PS>. 'C:\powershell-advanced-AnthonyB\create-resourcegroup\create-resourcegroup.ps1'
]633;A]633;P;Cwd=C:\x5cpowershell-advanced-AnthonyBPS C:\powershell-advanced-AnthonyB> ]633;B
PS>CommandInvocation(Remove-Variable): "Remove-Variable"
>> ParameterBinding(Remove-Variable): name="Name"; value="__psEditorServices_DebugServer"
>> ParameterBinding(Remove-Variable): name="Force"; value="True"
PS>$global:__psEditorServices_userInput = $args[0]
PS>$global:__psEditorServices_userInput = ""
PS>git a

]633;D;1]633;A]633;P;Cwd=C:\x5cpowershell-advanced-AnthonyBPS C:\powershell-advanced-AnthonyB> ]633;B
PS>$global:__psEditorServices_userInput = $args[0]
PS>$global:__psEditorServices_userInput = ""
PS>git add .

]633;D;0]633;A]633;P;Cwd=C:\x5cpowershell-advanced-AnthonyBPS C:\powershell-advanced-AnthonyB> ]633;B
PS>$global:__psEditorServices_userInput = $args[0]
PS>$global:__psEditorServices_userInput = ""
PS>git com

]633;D;1]633;A]633;P;Cwd=C:\x5cpowershell-advanced-AnthonyBPS C:\powershell-advanced-AnthonyB> ]633;B
PS>$global:__psEditorServices_userInput = $args[0]
PS>$global:__psEditorServices_userInput = ""
PS>git commit

]633;D;0]633;A]633;P;Cwd=C:\x5cpowershell-advanced-AnthonyBPS C:\powershell-advanced-AnthonyB> ]633;B
PS>$global:__psEditorServices_userInput = $args[0]
PS>$global:__psEditorServices_userInput = ""
PS>git push

]633;D;0]633;A]633;P;Cwd=C:\x5cpowershell-advanced-AnthonyBPS C:\powershell-advanced-AnthonyB> ]633;B
PS>CommandInvocation(Set-Variable): "Set-Variable"
>> ParameterBinding(Set-Variable): name="Name"; value="__psEditorServices_DebugServer"
>> ParameterBinding(Set-Variable): name="Value"; value="OmniSharp.Extensions.DebugAdapter.Server.DefaultDebugAdapterServerFacade"
>> ParameterBinding(Set-Variable): name="Description"; value="DO NOT USE: for internal use only."
>> ParameterBinding(Set-Variable): name="Scope"; value="Global"
>> ParameterBinding(Set-Variable): name="Option"; value="ReadOnly"
]633;A]633;P;Cwd=C:\x5cpowershell-advanced-AnthonyBPS C:\powershell-advanced-AnthonyB> ]633;B
PS>. 'C:\powershell-advanced-AnthonyB\create-resourcegroup\create-resourcegroup.ps1'
]633;A]633;P;Cwd=C:\x5cpowershell-advanced-AnthonyBPS C:\powershell-advanced-AnthonyB> ]633;B
PS>CommandInvocation(Remove-Variable): "Remove-Variable"
>> ParameterBinding(Remove-Variable): name="Name"; value="__psEditorServices_DebugServer"
>> ParameterBinding(Remove-Variable): name="Force"; value="True"
**********************
PowerShell transcript start
Start time: 20260920230521
Username: PA-Anthonyb\student
RunAs User: PA-Anthonyb\student
Configuration Name: 
Machine: PA-Anthonyb (Microsoft Windows NT 10.0.26100.0)
Host Application: C:\Program Files\WindowsApps\Microsoft.PowerShell_7.6.6.0_x64__8wekyb3d8bbwe\pwsh.dll -NoProfile -ExecutionPolicy Bypass -Command Import-Module 'c:\Users\student\.vscode\extensions\ms-vscode.powershell-2025.4.0\modules\PowerShellEditorServices\PowerShellEditorServices.psd1'; Start-EditorServices -HostName 'Visual Studio Code Host' -HostProfileId 'Microsoft.VSCode' -HostVersion '2025.4.0' -BundledModulesPath 'c:\Users\student\.vscode\extensions\ms-vscode.powershell-2025.4.0\modules' -EnableConsoleRepl -StartupBanner "PowerShell Extension v2025.4.0
Copyright (c) Microsoft Corporation.

https://aka.ms/vscode-powershell
Type 'help' to get help.
" -LogLevel 'Warning' -LogPath 'c:\Users\student\AppData\Roaming\Code\logs\20260920T225842\window1\exthost\ms-vscode.powershell' -SessionDetailsPath 'c:\Users\student\AppData\Roaming\Code\User\globalStorage\ms-vscode.powershell\sessions\PSES-VSCode-5920-296416.json' -FeatureFlags @() 
Process ID: 3536
PSVersion: 7.6.6
PSEdition: Core
GitCommitId: 7.6.6
OS: Microsoft Windows 10.0.26100
Platform: Win32NT
PSCompatibleVersions: 1.0, 2.0, 3.0, 4.0, 5.0, 5.1, 6.0, 7.0
PSRemotingProtocolVersion: 2.4
SerializationVersion: 1.1.0.1
WSManStackVersion: 3.0
**********************
Transcript started, output file is ./creat-resourcegroup.log
VERBOSE: Performing the operation "Create" on target "Resource Group ''".
VERBOSE: Populating RepositorySourceLocation property for module Az.

Resource group 'verbosetest' already exists. Skipping creation.

VERBOSE: Resource group creation completed. Publishing result to console.
@{ResourcegroupName=verbosetest; Location=centralus; Status=Created; Tags=System.Collections.Hashtable; Timestamp=9/20/2026 11:05:21 PM}
summary of resource group creation:
-----------------------------------
Total Requests Processed: 1
Resource Created: 0
Resource Skipped: 1
Error Count: 0
**********************
PowerShell transcript end
End time: 20260920230529
**********************
